"","date","temp","rhum","rain","solar","wdspd","wddir","stna","DayNo","irish_rules","dk_daily_spor","dk_infpressure"
"1",2017-06-14 00:00:00,12.5,90,0,0,5,19,"Dunsany",165,0,0,12
"2",2017-06-14 01:00:00,12.1,88,0,0,6,19,"Dunsany",165,0,NA,12
"3",2017-06-14 02:00:00,11.9,89,0,0,9,20,"Dunsany",165,0,NA,12
"4",2017-06-14 03:00:00,12,88,0,0,10,19,"Dunsany",165,0,NA,12
"5",2017-06-14 04:00:00,11.9,89,0,4.7,6,21,"Dunsany",165,0,NA,12
"6",2017-06-14 05:00:00,12.1,90,0,21.1,5,19,"Dunsany",165,0,NA,12
"7",2017-06-14 06:00:00,12.6,85,0,33.1,6,18,"Dunsany",165,0,NA,12
"8",2017-06-14 07:00:00,12.8,85,0,67.4,6,17,"Dunsany",165,0,NA,12
"9",2017-06-14 08:00:00,13.6,82,0,122.1,8,19,"Dunsany",165,0,NA,12
"10",2017-06-14 09:00:00,14.7,77,0,175,8,19,"Dunsany",165,0,NA,12
"11",2017-06-14 10:00:00,16,74,0.2,213.7,10,21,"Dunsany",165,0,NA,12
"12",2017-06-14 11:00:00,16.7,72,0,149,9,17,"Dunsany",165,0,0,12
"13",2017-06-14 12:00:00,17.2,71,0,207.8,9,19,"Dunsany",165,0,NA,12
"14",2017-06-14 13:00:00,17.1,68,0,248.1,11,20,"Dunsany",165,0,NA,12
"15",2017-06-14 14:00:00,17.9,64,0,226.9,12,16,"Dunsany",165,0,NA,12
"16",2017-06-14 15:00:00,18.6,64,0,200.1,11,19,"Dunsany",165,0,NA,12
"17",2017-06-14 16:00:00,17.7,64,0,132.1,12,20,"Dunsany",165,0,NA,12
"18",2017-06-14 17:00:00,16.7,68,0,86.3,9,17,"Dunsany",165,0,NA,12
"19",2017-06-14 18:00:00,15.7,71,0,35.2,11,19,"Dunsany",165,0,NA,12
"20",2017-06-14 19:00:00,14.5,76,0,35,10,19,"Dunsany",165,0,NA,12
"21",2017-06-14 20:00:00,14.2,79,0,5.2,9,18,"Dunsany",165,0,NA,12
"22",2017-06-14 21:00:00,13.5,82,0,0,9,19,"Dunsany",165,0,NA,12
"23",2017-06-14 22:00:00,13.4,86,0,0,10,18,"Dunsany",165,0,NA,12
"24",2017-06-14 23:00:00,13.6,90,0.4,0,11,18,"Dunsany",165,0,NA,12
"25",2017-06-15 00:00:00,13.8,93,0.2,0,9,19,"Dunsany",166,0,NA,12
"26",2017-06-15 01:00:00,13.7,92,0,0,9,20,"Dunsany",166,0,NA,12
"27",2017-06-15 02:00:00,13.4,91,0,0,9,21,"Dunsany",166,0,NA,12
"28",2017-06-15 03:00:00,12.8,92,0,0.1,10,21,"Dunsany",166,0,NA,12
"29",2017-06-15 04:00:00,12.6,92,0,9.5,10,21,"Dunsany",166,0,NA,12
"30",2017-06-15 05:00:00,12.1,91,0,39.9,10,22,"Dunsany",166,0,NA,12
"31",2017-06-15 06:00:00,12.5,87,0,91,9,21,"Dunsany",166,0,NA,12
"32",2017-06-15 07:00:00,13.1,83,0,76.4,12,22,"Dunsany",166,0,NA,12
"33",2017-06-15 08:00:00,12.7,85,0,135.3,13,22,"Dunsany",166,0,NA,12
"34",2017-06-15 09:00:00,14.3,75,0,137.6,12,23,"Dunsany",166,0,NA,12
"35",2017-06-15 10:00:00,14.7,74,0,156.7,14,23,"Dunsany",166,0,NA,12
"36",2017-06-15 11:00:00,15.8,68,0,174.1,18,24,"Dunsany",166,0,0,12
"37",2017-06-15 12:00:00,15.4,73,0,230,17,24,"Dunsany",166,0,NA,12.4
"38",2017-06-15 13:00:00,16.1,69,0,95.4,18,23,"Dunsany",166,0,NA,12.8
"39",2017-06-15 14:00:00,13.8,87,0.2,154.3,14,25,"Dunsany",166,0,NA,13.2
"40",2017-06-15 15:00:00,14.9,77,0.4,108.2,18,25,"Dunsany",166,0,NA,13.7
"41",2017-06-15 16:00:00,14,86,0.2,104.3,17,25,"Dunsany",166,0,NA,14.1
"42",2017-06-15 17:00:00,14.8,76,0,58.4,15,24,"Dunsany",166,0,NA,14.5
"43",2017-06-15 18:00:00,14.1,77,0,39.5,12,25,"Dunsany",166,0,NA,14.9
"44",2017-06-15 19:00:00,13.3,80,0,15.1,14,25,"Dunsany",166,0,NA,15.3
"45",2017-06-15 20:00:00,13.2,81,0,3.5,12,25,"Dunsany",166,0,NA,15.8
"46",2017-06-15 21:00:00,13,81,0,0,10,25,"Dunsany",166,0,NA,16.2
"47",2017-06-15 22:00:00,12.5,82,0,0,9,24,"Dunsany",166,0,NA,16.6
"48",2017-06-15 23:00:00,12,84,0,0,8,24,"Dunsany",166,0,NA,17
"49",2017-06-16 00:00:00,11.8,89,0,0,9,24,"Dunsany",167,0,NA,17.4
"50",2017-06-16 01:00:00,12.2,89,0,0,9,24,"Dunsany",167,0,NA,17.8
"51",2017-06-16 02:00:00,12.4,89,0,0,10,24,"Dunsany",167,0,NA,18.2
"52",2017-06-16 03:00:00,12.5,90,0,0.2,8,24,"Dunsany",167,0,NA,18.7
"53",2017-06-16 04:00:00,12.6,93,0,4.8,8,24,"Dunsany",167,0,NA,19.1
"54",2017-06-16 05:00:00,13.1,90,0,13.1,9,23,"Dunsany",167,0,NA,19.5
"55",2017-06-16 06:00:00,13.5,89,0,31.4,8,22,"Dunsany",167,0,NA,19.9
"56",2017-06-16 07:00:00,13.9,88,0,47.1,11,23,"Dunsany",167,0,NA,20.3
"57",2017-06-16 08:00:00,14.2,88,0,45.1,9,24,"Dunsany",167,0,NA,20.8
"58",2017-06-16 09:00:00,14.6,88,0,60.7,10,22,"Dunsany",167,0,NA,21.2
"59",2017-06-16 10:00:00,15.2,88,0,52.8,13,24,"Dunsany",167,0,NA,21.6
"60",2017-06-16 11:00:00,15.7,88,0,74.3,11,23,"Dunsany",167,0,12,22
"61",2017-06-16 12:00:00,16.9,87,0,85.8,9,23,"Dunsany",167,0,NA,22
"62",2017-06-16 13:00:00,17.8,85,0,63.1,10,23,"Dunsany",167,0,NA,22
"63",2017-06-16 14:00:00,17.5,86,0,70.7,13,25,"Dunsany",167,0,NA,22
"64",2017-06-16 15:00:00,17.8,86,0,100.2,12,25,"Dunsany",167,0,NA,22
"65",2017-06-16 16:00:00,19.1,78,0,145.4,13,25,"Dunsany",167,0,NA,22
"66",2017-06-16 17:00:00,20.4,73,0,138.8,13,23,"Dunsany",167,0,NA,22
"67",2017-06-16 18:00:00,20.2,64,0,83.8,12,24,"Dunsany",167,0,NA,22
"68",2017-06-16 19:00:00,18.8,67,0,29.2,12,25,"Dunsany",167,0,NA,22
"69",2017-06-16 20:00:00,18,77,0,10.1,6,24,"Dunsany",167,0,NA,22
"70",2017-06-16 21:00:00,17,80,0,0,2,22,"Dunsany",167,0,NA,22
"71",2017-06-16 22:00:00,16.3,81,0,0,4,19,"Dunsany",167,0,NA,22
"72",2017-06-16 23:00:00,16.1,81,0,0,3,23,"Dunsany",167,0,NA,22
"73",2017-06-17 00:00:00,15.5,84,0,0,4,17,"Dunsany",168,0,NA,22
"74",2017-06-17 01:00:00,14.6,88,0,0,4,19,"Dunsany",168,0,NA,22
"75",2017-06-17 02:00:00,14.9,86,0,0,10,23,"Dunsany",168,0,NA,22
"76",2017-06-17 03:00:00,13.6,89,0,0.2,6,23,"Dunsany",168,0,NA,22
"77",2017-06-17 04:00:00,12.6,93,0,9.5,6,23,"Dunsany",168,0,NA,22
"78",2017-06-17 05:00:00,12.7,95,0,37.1,9,23,"Dunsany",168,0,NA,22
"79",2017-06-17 06:00:00,13.7,91,0,46.2,7,22,"Dunsany",168,0,NA,22
"80",2017-06-17 07:00:00,14.6,92,0,156.4,8,23,"Dunsany",168,0,NA,22
"81",2017-06-17 08:00:00,16.3,82,0,204.4,7,25,"Dunsany",168,0,NA,22
"82",2017-06-17 09:00:00,18.2,71,0,247.8,8,24,"Dunsany",168,0,NA,22
"83",2017-06-17 10:00:00,19.7,63,0,281.2,7,23,"Dunsany",168,0,NA,22
"84",2017-06-17 11:00:00,21.4,58,0,298.8,8,22,"Dunsany",168,0,0,22
"85",2017-06-17 12:00:00,22.3,55,0,305.9,8,23,"Dunsany",168,0,NA,22
"86",2017-06-17 13:00:00,23.1,54,0,304.4,8,22,"Dunsany",168,0,NA,22
"87",2017-06-17 14:00:00,24,49,0,283.4,8,25,"Dunsany",168,0,NA,22
"88",2017-06-17 15:00:00,24,50,0,245.6,8,25,"Dunsany",168,0,NA,22
"89",2017-06-17 16:00:00,24.3,51,0,199.5,8,24,"Dunsany",168,0,NA,22
"90",2017-06-17 17:00:00,24.4,52,0,145.3,8,26,"Dunsany",168,0,NA,22
"91",2017-06-17 18:00:00,23.9,53,0,91.9,9,26,"Dunsany",168,0,NA,22
"92",2017-06-17 19:00:00,23.3,53,0,42.7,6,26,"Dunsany",168,0,NA,22
"93",2017-06-17 20:00:00,21.8,68,0,8.4,5,31,"Dunsany",168,0,NA,22
"94",2017-06-17 21:00:00,19.2,76,0,0,3,29,"Dunsany",168,0,NA,22
"95",2017-06-17 22:00:00,17.3,75,0,0,4,30,"Dunsany",168,0,NA,22
"96",2017-06-17 23:00:00,14.9,83,0,0,3,27,"Dunsany",168,0,NA,22
"97",2017-06-18 00:00:00,14.5,82,0,0,4,25,"Dunsany",169,0,NA,22
"98",2017-06-18 01:00:00,13.2,88,0,0,4,24,"Dunsany",169,0,NA,22
"99",2017-06-18 02:00:00,12.9,90,0,0,2,22,"Dunsany",169,0,NA,22
"100",2017-06-18 03:00:00,11.9,94,0,0.1,4,25,"Dunsany",169,0,NA,22
"101",2017-06-18 04:00:00,11.7,98,0,4,5,27,"Dunsany",169,0,NA,22
"102",2017-06-18 05:00:00,11.8,99,0,18.5,5,26,"Dunsany",169,0,NA,22
"103",2017-06-18 06:00:00,12.3,98,0,34.8,7,26,"Dunsany",169,0,NA,22
"104",2017-06-18 07:00:00,12.8,98,0,50.9,6,26,"Dunsany",169,0,NA,22
"105",2017-06-18 08:00:00,13.4,96,0,95.7,4,26,"Dunsany",169,0,NA,22
"106",2017-06-18 09:00:00,14.5,92,0,152.4,4,24,"Dunsany",169,0,NA,22
"107",2017-06-18 10:00:00,15.6,88,0,229.8,7,26,"Dunsany",169,0,NA,22
"108",2017-06-18 11:00:00,17.4,83,0,301.1,5,23,"Dunsany",169,0,10,22
"109",2017-06-18 12:00:00,19.9,70,0,307.6,6,21,"Dunsany",169,0,NA,21.5
"110",2017-06-18 13:00:00,21.5,58,0,304.4,6,23,"Dunsany",169,0,NA,21
"111",2017-06-18 14:00:00,22.4,56,0,282.9,5,26,"Dunsany",169,0,NA,20.5
"112",2017-06-18 15:00:00,23.1,55,0,245.6,7,25,"Dunsany",169,0,NA,20
"113",2017-06-18 16:00:00,23.9,55,0,197.8,3,23,"Dunsany",169,0,NA,19.5
"114",2017-06-18 17:00:00,24.3,52,0,145.4,3,26,"Dunsany",169,0,NA,19
"115",2017-06-18 18:00:00,24.5,54,0,92.1,3,27,"Dunsany",169,0,NA,18.5
"116",2017-06-18 19:00:00,24.3,56,0,42.8,2,1,"Dunsany",169,0,NA,18
"117",2017-06-18 20:00:00,20.7,71,0,9.9,4,11,"Dunsany",169,0,NA,17.5
"118",2017-06-18 21:00:00,18.1,79,0,0,3,8,"Dunsany",169,0,NA,17
"119",2017-06-18 22:00:00,16.4,82,0,0,2,8,"Dunsany",169,0,NA,16.5
"120",2017-06-18 23:00:00,15.1,87,0,0,1,4,"Dunsany",169,0,NA,16
"121",2017-06-19 00:00:00,14.2,90,0,0,3,10,"Dunsany",170,0,NA,15.5
"122",2017-06-19 01:00:00,14.4,88,0,0,3,10,"Dunsany",170,0,NA,15
"123",2017-06-19 02:00:00,13.4,90,0,0,1,12,"Dunsany",170,0,NA,14.5
"124",2017-06-19 03:00:00,12.7,93,0,0.3,1,17,"Dunsany",170,0,NA,14
"125",2017-06-19 04:00:00,12.4,97,0,11,2,17,"Dunsany",170,0,NA,13.5
"126",2017-06-19 05:00:00,13.2,95,0,43.8,1,19,"Dunsany",170,0,NA,13
"127",2017-06-19 06:00:00,15.3,92,0,94.3,2,28,"Dunsany",170,0,NA,12.5
"128",2017-06-19 07:00:00,16.8,86,0,148,2,31,"Dunsany",170,0,NA,12
"129",2017-06-19 08:00:00,18.8,81,0,197.5,2,34,"Dunsany",170,0,NA,11.5
"130",2017-06-19 09:00:00,20.4,69,0,231,6,35,"Dunsany",170,0,NA,11
"131",2017-06-19 10:00:00,21.5,63,0,220.1,4,35,"Dunsany",170,0,NA,10.5
"132",2017-06-19 11:00:00,22.1,65,0,262.3,3,29,"Dunsany",170,0,0,10
"133",2017-06-19 12:00:00,23.5,62,0,260.8,3,16,"Dunsany",170,0,NA,10
"134",2017-06-19 13:00:00,24.1,63,0,268.3,4,28,"Dunsany",170,0,NA,10
"135",2017-06-19 14:00:00,23.9,60,0,158.2,5,35,"Dunsany",170,0,NA,10
"136",2017-06-19 15:00:00,24.2,59,0,227.5,3,31,"Dunsany",170,0,NA,10
"137",2017-06-19 16:00:00,24.5,64,0,140.2,7,34,"Dunsany",170,0,NA,10
"138",2017-06-19 17:00:00,21,73,0,126.1,10,6,"Dunsany",170,0,NA,10
"139",2017-06-19 18:00:00,18.5,80,0,40.5,9,7,"Dunsany",170,0,NA,10
"140",2017-06-19 19:00:00,17.9,82,0,19.9,6,8,"Dunsany",170,0,NA,10
"141",2017-06-19 20:00:00,16.2,86,0,3.3,6,7,"Dunsany",170,0,NA,10
"142",2017-06-19 21:00:00,15.6,87,0,0.1,6,7,"Dunsany",170,0,NA,10
"143",2017-06-19 22:00:00,15.1,86,0,0,6,7,"Dunsany",170,0,NA,10
"144",2017-06-19 23:00:00,14.7,88,0,0,5,7,"Dunsany",170,0,NA,10
"145",2017-06-20 00:00:00,14.2,88,0,0,5,5,"Dunsany",171,0,NA,10
"146",2017-06-20 01:00:00,13.5,86,0,0,5,2,"Dunsany",171,0,NA,10
"147",2017-06-20 02:00:00,12.2,88,0,0,4,3,"Dunsany",171,0,NA,10
"148",2017-06-20 03:00:00,10.9,92,0,0.3,3,2,"Dunsany",171,0,NA,10
"149",2017-06-20 04:00:00,10.1,93,0,11.2,2,2,"Dunsany",171,0,NA,10
"150",2017-06-20 05:00:00,10.7,91,0,42.8,2,4,"Dunsany",171,0,NA,10
"151",2017-06-20 06:00:00,11.8,85,0,83.1,4,2,"Dunsany",171,0,NA,10
"152",2017-06-20 07:00:00,12.7,81,0,142.6,6,3,"Dunsany",171,0,NA,10
"153",2017-06-20 08:00:00,14.1,76,0,195.4,7,5,"Dunsany",171,0,NA,10
"154",2017-06-20 09:00:00,15.9,69,0,235,5,6,"Dunsany",171,0,NA,10
"155",2017-06-20 10:00:00,17.1,66,0,277,7,6,"Dunsany",171,0,NA,10
"156",2017-06-20 11:00:00,18,54,0,301.5,9,6,"Dunsany",171,0,0,10
"157",2017-06-20 12:00:00,19,54,0,299,7,6,"Dunsany",171,0,NA,9.6
"158",2017-06-20 13:00:00,19.1,50,0,301.5,9,9,"Dunsany",171,0,NA,9.2
"159",2017-06-20 14:00:00,19.3,50,0,274.5,9,9,"Dunsany",171,0,NA,8.8
"160",2017-06-20 15:00:00,19.3,55,0,245.6,9,7,"Dunsany",171,0,NA,8.3
"161",2017-06-20 16:00:00,19.5,51,0,107.1,8,9,"Dunsany",171,0,NA,7.9
"162",2017-06-20 17:00:00,18.1,57,0,100.4,8,9,"Dunsany",171,0,NA,7.5
"163",2017-06-20 18:00:00,18.4,62,0,67.4,5,6,"Dunsany",171,0,NA,7.1
"164",2017-06-20 19:00:00,17.5,67,0,15.5,7,9,"Dunsany",171,0,NA,6.7
"165",2017-06-20 20:00:00,16.2,77,0,5,8,8,"Dunsany",171,0,NA,6.2
"166",2017-06-20 21:00:00,14.9,84,0,0,4,9,"Dunsany",171,0,NA,5.8
"167",2017-06-20 22:00:00,14,89,0,0,5,9,"Dunsany",171,0,NA,5.4
"168",2017-06-20 23:00:00,13.6,91,0,0,1,8,"Dunsany",171,0,NA,5
"169",2017-06-21 00:00:00,12.8,95,0,0,4,6,"Dunsany",172,0,NA,4.6
"170",2017-06-21 01:00:00,12.3,96,0,0,2,10,"Dunsany",172,0,NA,4.2
"171",2017-06-21 02:00:00,12.6,97,0,0,2,12,"Dunsany",172,0,NA,3.8
"172",2017-06-21 03:00:00,13.7,95,0,0,5,13,"Dunsany",172,0,NA,3.3
"173",2017-06-21 04:00:00,15.4,88,0.5,2.5,5,11,"Dunsany",172,0,NA,2.9
"174",2017-06-21 05:00:00,15.4,91,0,5.1,7,7,"Dunsany",172,0,NA,2.5
"175",2017-06-21 06:00:00,15.9,92,0,7.9,5,11,"Dunsany",172,0,NA,2.1
"176",2017-06-21 07:00:00,18.4,82,0.8,14.8,2,33,"Dunsany",172,0,NA,1.7
"177",2017-06-21 08:00:00,17,90,0.3,59.3,2,3,"Dunsany",172,0,NA,1.2
"178",2017-06-21 09:00:00,18.7,87,0.2,178,8,12,"Dunsany",172,0,NA,0.8
"179",2017-06-21 10:00:00,23.8,66,0.1,243.3,7,16,"Dunsany",172,0,NA,0.4
"180",2017-06-21 11:00:00,25.7,62,0,255.5,6,17,"Dunsany",172,0,0,0
"181",2017-06-21 12:00:00,26.5,55,0,163.3,9,18,"Dunsany",172,0,NA,0
"182",2017-06-21 13:00:00,25.9,66,0,222.7,11,22,"Dunsany",172,0,NA,0
"183",2017-06-21 14:00:00,25.2,64,0,173.7,11,20,"Dunsany",172,0,NA,0
"184",2017-06-21 15:00:00,25.3,66,0,155.1,7,20,"Dunsany",172,0,NA,0
"185",2017-06-21 16:00:00,24.9,66,0,114.5,10,20,"Dunsany",172,0,NA,0
"186",2017-06-21 17:00:00,24.4,67,0,68.2,6,20,"Dunsany",172,0,NA,0
"187",2017-06-21 18:00:00,23.8,75,0,57.1,6,20,"Dunsany",172,0,NA,0
"188",2017-06-21 19:00:00,21.3,81,0,14.3,7,30,"Dunsany",172,0,NA,0
"189",2017-06-21 20:00:00,19.4,82,0,1.3,8,28,"Dunsany",172,0,NA,0
"190",2017-06-21 21:00:00,18.9,84,0,0,5,28,"Dunsany",172,0,NA,0
"191",2017-06-21 22:00:00,18.2,85,0,0,5,27,"Dunsany",172,0,NA,0
"192",2017-06-21 23:00:00,17.8,85,0,0,5,31,"Dunsany",172,0,NA,0
"193",2017-06-22 00:00:00,16.3,85,0,0,7,32,"Dunsany",173,0,NA,0
"194",2017-06-22 01:00:00,15.9,85,0,0,4,31,"Dunsany",173,0,NA,0
"195",2017-06-22 02:00:00,15.4,86,0,0,4,30,"Dunsany",173,0,NA,0
"196",2017-06-22 03:00:00,14.8,89,0,0,6,29,"Dunsany",173,0,NA,0
"197",2017-06-22 04:00:00,14.4,88,0,2.6,8,29,"Dunsany",173,0,NA,0
"198",2017-06-22 05:00:00,13.9,90,0,13.1,5,28,"Dunsany",173,0,NA,0
"199",2017-06-22 06:00:00,13.4,89,0,37.9,7,28,"Dunsany",173,0,NA,0
"200",2017-06-22 07:00:00,13.5,88,0,59.4,7,28,"Dunsany",173,0,NA,0
"201",2017-06-22 08:00:00,13.9,87,0,72.6,7,29,"Dunsany",173,0,NA,0
"202",2017-06-22 09:00:00,14.3,86,0,95,7,27,"Dunsany",173,0,NA,0
"203",2017-06-22 10:00:00,14.7,85,0,117.5,9,26,"Dunsany",173,0,NA,0
"204",2017-06-22 11:00:00,15.1,84,0,154.2,10,26,"Dunsany",173,0,0,0
"205",2017-06-22 12:00:00,15.4,83,0,215.7,10,26,"Dunsany",173,0,NA,0
"206",2017-06-22 13:00:00,15.7,82,0,217.6,12,26,"Dunsany",173,0,NA,0
"207",2017-06-22 14:00:00,15.9,81,0,172.2,12,25,"Dunsany",173,0,NA,0
"208",2017-06-22 15:00:00,16.1,80,0,207.1,9,26,"Dunsany",173,0,NA,0
"209",2017-06-22 16:00:00,16.2,79,0,116.9,12,25,"Dunsany",173,0,NA,0
"210",2017-06-22 17:00:00,16.2,78,0,56.2,11,25,"Dunsany",173,0,NA,0
"211",2017-06-22 18:00:00,16.2,77,0,41.8,11,25,"Dunsany",173,0,NA,0
"212",2017-06-22 19:00:00,16.1,76,0,18,8,24,"Dunsany",173,0,NA,0
"213",2017-06-22 20:00:00,15.9,76,0,3.8,6,23,"Dunsany",173,0,NA,0
"214",2017-06-22 21:00:00,15.6,76,0,0,7,22,"Dunsany",173,0,NA,0
"215",2017-06-22 22:00:00,15.2,76,0,0,7,22,"Dunsany",173,0,NA,0
"216",2017-06-22 23:00:00,14.7,76,0,0,8,22,"Dunsany",173,0,NA,0
"217",2017-06-23 00:00:00,14.1,77,0,0,12,21,"Dunsany",174,0,NA,0
"218",2017-06-23 01:00:00,13.6,78,0,0,12,21,"Dunsany",174,0,NA,0
"219",2017-06-23 02:00:00,13.8,79,0,0,13,22,"Dunsany",174,0,NA,0
"220",2017-06-23 03:00:00,13.9,81,0,0,15,21,"Dunsany",174,0,NA,0
"221",2017-06-23 04:00:00,13.5,87,0.1,1.7,13,22,"Dunsany",174,0,NA,0
"222",2017-06-23 05:00:00,13.6,89,0.1,8.2,13,22,"Dunsany",174,0,NA,0
"223",2017-06-23 06:00:00,13.9,90,0,15.2,12,21,"Dunsany",174,0,NA,0
"224",2017-06-23 07:00:00,14.4,90,0,20.7,11,21,"Dunsany",174,0,NA,0
"225",2017-06-23 08:00:00,14.8,91,0,39.8,14,23,"Dunsany",174,0,NA,0
"226",2017-06-23 09:00:00,15.2,91,0,47.5,15,23,"Dunsany",174,0,NA,0
"227",2017-06-23 10:00:00,15.2,95,0.1,52.1,11,23,"Dunsany",174,0,NA,0
"228",2017-06-23 11:00:00,15.5,94,0.2,81.4,12,22,"Dunsany",174,0,0,0
"229",2017-06-23 12:00:00,16.4,89,0,122.2,11,24,"Dunsany",174,0,NA,0
"230",2017-06-23 13:00:00,16.9,85,0,71.4,14,23,"Dunsany",174,0,NA,0
"231",2017-06-23 14:00:00,17,85,0,111.3,13,23,"Dunsany",174,0,NA,0
"232",2017-06-23 15:00:00,17.6,82,0,46.7,14,25,"Dunsany",174,0,NA,0
"233",2017-06-23 16:00:00,16.4,89,0,31.1,9,23,"Dunsany",174,0,NA,0
"234",2017-06-23 17:00:00,15.9,87,0.1,23,9,24,"Dunsany",174,0,NA,0
"235",2017-06-23 18:00:00,15.3,86,0,19,9,28,"Dunsany",174,0,NA,0
"236",2017-06-23 19:00:00,14.8,83,0,9.2,10,26,"Dunsany",174,0,NA,0
"237",2017-06-23 20:00:00,14.3,86,0,2.2,9,24,"Dunsany",174,0,NA,0
"238",2017-06-23 21:00:00,14.2,83,0,0.1,8,26,"Dunsany",174,0,NA,0
"239",2017-06-23 22:00:00,13.2,80,0,0,9,26,"Dunsany",174,0,NA,0
"240",2017-06-23 23:00:00,12.3,82,0,0,11,25,"Dunsany",174,0,NA,0
"241",2017-06-24 00:00:00,11.8,85,0,0,11,24,"Dunsany",175,0,NA,0
"242",2017-06-24 01:00:00,11.6,83,0,0,9,24,"Dunsany",175,0,NA,0
"243",2017-06-24 02:00:00,11.8,85,0,0,9,24,"Dunsany",175,0,NA,0
"244",2017-06-24 03:00:00,11.9,85,0,0,9,24,"Dunsany",175,0,NA,0
"245",2017-06-24 04:00:00,11.9,87,0,3.4,7,23,"Dunsany",175,0,NA,0
"246",2017-06-24 05:00:00,12.2,88,0,11.8,8,23,"Dunsany",175,0,NA,0
"247",2017-06-24 06:00:00,12.5,89,0,29.6,8,24,"Dunsany",175,0,NA,0
"248",2017-06-24 07:00:00,13.1,88,0,39.2,9,22,"Dunsany",175,0,NA,0
"249",2017-06-24 08:00:00,14.1,85,0,71.3,10,24,"Dunsany",175,0,NA,0
"250",2017-06-24 09:00:00,15.3,83,0,140.4,10,23,"Dunsany",175,0,NA,0
"251",2017-06-24 10:00:00,16.5,79,0,192.7,12,23,"Dunsany",175,0,NA,0
"252",2017-06-24 11:00:00,16.3,79,0,225.7,9,29,"Dunsany",175,0,0,0
"253",2017-06-24 12:00:00,17.3,68,0,281.1,15,26,"Dunsany",175,0,NA,0.6
"254",2017-06-24 13:00:00,17.3,63,0,315.3,12,26,"Dunsany",175,0,NA,1.2
"255",2017-06-24 14:00:00,18,59,0,233.2,13,25,"Dunsany",175,0,NA,1.8
"256",2017-06-24 15:00:00,17.5,59,0,189.3,12,26,"Dunsany",175,0,NA,2.3
"257",2017-06-24 16:00:00,17.6,59,0,146.3,14,25,"Dunsany",175,0,NA,2.9
"258",2017-06-24 17:00:00,17,60,0,71.5,13,25,"Dunsany",175,0,NA,3.5
"259",2017-06-24 18:00:00,15.3,67,0,32.9,13,25,"Dunsany",175,0,NA,4.1
"260",2017-06-24 19:00:00,14.4,67,0,19.6,14,25,"Dunsany",175,0,NA,4.7
"261",2017-06-24 20:00:00,13.1,74,0,4.9,14,25,"Dunsany",175,0,NA,5.2
"262",2017-06-24 21:00:00,12.3,80,0,0,11,25,"Dunsany",175,0,NA,5.8
"263",2017-06-24 22:00:00,11.9,84,0,0,10,24,"Dunsany",175,0,NA,6.4
"264",2017-06-24 23:00:00,11.7,88,0,0,9,24,"Dunsany",175,0,NA,7
"265",2017-06-25 00:00:00,11.6,89,0,0,7,24,"Dunsany",176,0,NA,7.6
"266",2017-06-25 01:00:00,11.6,91,0,0,5,23,"Dunsany",176,0,NA,8.2
"267",2017-06-25 02:00:00,11.4,96,0,0,6,23,"Dunsany",176,0,NA,8.8
"268",2017-06-25 03:00:00,11.4,97,0.4,0,4,22,"Dunsany",176,0,NA,9.3
"269",2017-06-25 04:00:00,11.5,98,0.8,3.4,4,21,"Dunsany",176,0,NA,9.9
"270",2017-06-25 05:00:00,11.7,98,0.5,16.1,3,24,"Dunsany",176,0,NA,10.5
"271",2017-06-25 06:00:00,12.1,95,0.1,38.5,4,30,"Dunsany",176,0,NA,11.1
"272",2017-06-25 07:00:00,11.6,94,0,84.7,8,32,"Dunsany",176,0,NA,11.7
"273",2017-06-25 08:00:00,12.8,85,0,53,5,31,"Dunsany",176,0,NA,12.2
"274",2017-06-25 09:00:00,11.9,87,0,91,7,31,"Dunsany",176,0,NA,12.8
"275",2017-06-25 10:00:00,12.4,80,0,128.2,6,31,"Dunsany",176,0,NA,13.4
"276",2017-06-25 11:00:00,13.6,73,0,249.1,9,28,"Dunsany",176,0,0,14
"277",2017-06-25 12:00:00,15.2,60,0,158.5,10,29,"Dunsany",176,0,NA,14
"278",2017-06-25 13:00:00,15,62,0,225.6,10,27,"Dunsany",176,0,NA,14
"279",2017-06-25 14:00:00,15.7,60,0,193.1,8,27,"Dunsany",176,0,NA,14
"280",2017-06-25 15:00:00,15.7,59,0,177.9,9,31,"Dunsany",176,0,NA,14
"281",2017-06-25 16:00:00,15.9,58,0,106.6,11,30,"Dunsany",176,0,NA,14
"282",2017-06-25 17:00:00,15.1,58,0,74.7,7,28,"Dunsany",176,0,NA,14
"283",2017-06-25 18:00:00,14.8,57,0,52.5,6,28,"Dunsany",176,0,NA,14
"284",2017-06-25 19:00:00,14.1,65,0,23.6,6,31,"Dunsany",176,0,NA,14
"285",2017-06-25 20:00:00,13.1,67,0,11.4,4,31,"Dunsany",176,0,NA,14
"286",2017-06-25 21:00:00,12.4,68,0,0.2,3,29,"Dunsany",176,0,NA,14
"287",2017-06-25 22:00:00,10.8,75,0,0,2,30,"Dunsany",176,0,NA,14
"288",2017-06-25 23:00:00,8.8,85,0,0,2,28,"Dunsany",176,0,NA,14
"289",2017-06-26 00:00:00,7.2,89,0,0,2,20,"Dunsany",177,0,NA,14
"290",2017-06-26 01:00:00,7.5,90,0,0,0,23,"Dunsany",177,0,NA,14
"291",2017-06-26 02:00:00,7.3,92,0,0,1,23,"Dunsany",177,0,NA,14
"292",2017-06-26 03:00:00,5.9,92,0,0.3,0,21,"Dunsany",177,0,NA,14
"293",2017-06-26 04:00:00,5.2,96,0,12.2,0,24,"Dunsany",177,0,NA,14
"294",2017-06-26 05:00:00,6.3,95,0,45.9,1,21,"Dunsany",177,0,NA,14
"295",2017-06-26 06:00:00,8.9,87,0,74.7,1,33,"Dunsany",177,0,NA,14
"296",2017-06-26 07:00:00,10.9,76,0,107.5,1,17,"Dunsany",177,0,NA,14
"297",2017-06-26 08:00:00,12.8,71,0,132.4,2,5,"Dunsany",177,0,NA,14
"298",2017-06-26 09:00:00,13.8,63,0,234.6,2,3,"Dunsany",177,0,NA,14
"299",2017-06-26 10:00:00,14.9,56,0,208.9,4,10,"Dunsany",177,0,NA,14
"300",2017-06-26 11:00:00,15.3,51,0,228.7,3,13,"Dunsany",177,0,0,14
"301",2017-06-26 12:00:00,16.1,55,0,124,4,14,"Dunsany",177,0,NA,14
"302",2017-06-26 13:00:00,15.5,61,0,76.5,5,8,"Dunsany",177,0,NA,14
"303",2017-06-26 14:00:00,14,75,0.1,85.7,6,7,"Dunsany",177,0,NA,14
"304",2017-06-26 15:00:00,13.9,69,0,58.2,7,9,"Dunsany",177,0,NA,14
"305",2017-06-26 16:00:00,13.3,69,0,30.3,9,9,"Dunsany",177,0,NA,14
"306",2017-06-26 17:00:00,12.7,76,0,29.4,5,8,"Dunsany",177,0,NA,14
"307",2017-06-26 18:00:00,11.8,80,0,12.4,6,7,"Dunsany",177,0,NA,14
"308",2017-06-26 19:00:00,11.6,82,0.3,4.7,8,10,"Dunsany",177,0,NA,14
"309",2017-06-26 20:00:00,10.7,92,2,0.9,7,11,"Dunsany",177,0,NA,14
"310",2017-06-26 21:00:00,10.9,95,2,0,8,11,"Dunsany",177,0,NA,14
"311",2017-06-26 22:00:00,10.9,95,1.4,0,10,10,"Dunsany",177,0,NA,14
"312",2017-06-26 23:00:00,11.1,96,1.2,0,10,11,"Dunsany",177,0,NA,14
"313",2017-06-27 00:00:00,11.2,97,3.6,0,9,10,"Dunsany",178,0,NA,14
"314",2017-06-27 01:00:00,11.5,97,3,0,8,10,"Dunsany",178,0,NA,14
"315",2017-06-27 02:00:00,11.7,97,2.7,0,9,10,"Dunsany",178,0,NA,14
"316",2017-06-27 03:00:00,11.8,97,0.7,0,7,11,"Dunsany",178,0,NA,14
"317",2017-06-27 04:00:00,12,97,1.2,3.6,5,11,"Dunsany",178,0,NA,14
"318",2017-06-27 05:00:00,12.5,98,0.2,9.9,6,11,"Dunsany",178,0,NA,14
"319",2017-06-27 06:00:00,13,98,0.8,35,5,12,"Dunsany",178,0,NA,14
"320",2017-06-27 07:00:00,14,97,0.6,47.1,4,14,"Dunsany",178,1,NA,14
"321",2017-06-27 08:00:00,15.3,95,0,74.3,4,15,"Dunsany",178,2,NA,14
"322",2017-06-27 09:00:00,16.8,90,0,155.4,6,17,"Dunsany",178,3,NA,14
"323",2017-06-27 10:00:00,18.4,83,0.7,261.6,4,19,"Dunsany",178,0,NA,14
"324",2017-06-27 11:00:00,20,73,0,196.4,7,15,"Dunsany",178,0,14,14
"325",2017-06-27 12:00:00,19.9,70,0,297.5,8,19,"Dunsany",178,0,NA,14
"326",2017-06-27 13:00:00,21.8,61,0,308.6,10,17,"Dunsany",178,0,NA,14
"327",2017-06-27 14:00:00,21.2,62,0,240.5,9,17,"Dunsany",178,0,NA,14
"328",2017-06-27 15:00:00,20.8,64,0,202,9,16,"Dunsany",178,0,NA,14
"329",2017-06-27 16:00:00,20.8,61,0,196.7,8,18,"Dunsany",178,0,NA,14
"330",2017-06-27 17:00:00,20.4,59,0,143.7,8,17,"Dunsany",178,0,NA,14
"331",2017-06-27 18:00:00,19.8,59,0,86.5,7,16,"Dunsany",178,0,NA,14
"332",2017-06-27 19:00:00,18.9,63,0,42,4,17,"Dunsany",178,0,NA,14
"333",2017-06-27 20:00:00,18.2,67,0,6.4,4,18,"Dunsany",178,0,NA,14
"334",2017-06-27 21:00:00,15.6,79,0,0,3,14,"Dunsany",178,0,NA,14
"335",2017-06-27 22:00:00,14.4,84,0,0,4,18,"Dunsany",178,0,NA,14
"336",2017-06-27 23:00:00,14.5,85,0,0,7,19,"Dunsany",178,0,NA,14
"337",2017-06-28 00:00:00,14.2,89,0,0,3,22,"Dunsany",179,0,NA,14
"338",2017-06-28 01:00:00,13.5,93,0,0,3,26,"Dunsany",179,0,NA,14
"339",2017-06-28 02:00:00,13.4,90,0,0,3,25,"Dunsany",179,0,NA,14
"340",2017-06-28 03:00:00,13.3,88,0,0.1,3,28,"Dunsany",179,0,NA,14
"341",2017-06-28 04:00:00,12.8,89,0,4.8,6,31,"Dunsany",179,0,NA,14
"342",2017-06-28 05:00:00,12.9,93,0,12.4,4,32,"Dunsany",179,0,NA,14
"343",2017-06-28 06:00:00,13.2,94,0,35.4,2,35,"Dunsany",179,0,NA,14
"344",2017-06-28 07:00:00,14.1,90,0,50.3,3,4,"Dunsany",179,0,NA,14
"345",2017-06-28 08:00:00,15,86,0,50.1,4,5,"Dunsany",179,0,NA,14
"346",2017-06-28 09:00:00,14.5,91,0,40.7,5,7,"Dunsany",179,0,NA,14
"347",2017-06-28 10:00:00,13.4,94,2.1,38.7,8,8,"Dunsany",179,0,NA,14
"348",2017-06-28 11:00:00,13.1,96,1.6,32,8,6,"Dunsany",179,0,0,14
"349",2017-06-28 12:00:00,12.9,94,0.3,32.9,9,7,"Dunsany",179,0,NA,14
"350",2017-06-28 13:00:00,13.1,92,0,36.6,10,6,"Dunsany",179,0,NA,14
"351",2017-06-28 14:00:00,13.1,93,1.3,34.6,8,6,"Dunsany",179,0,NA,14
"352",2017-06-28 15:00:00,13.2,90,0.5,58.9,8,7,"Dunsany",179,0,NA,14
"353",2017-06-28 16:00:00,13.7,80,0,29.9,10,5,"Dunsany",179,0,NA,14
"354",2017-06-28 17:00:00,12.1,94,0,28.7,9,5,"Dunsany",179,0,NA,14
"355",2017-06-28 18:00:00,12.5,92,0.2,21.9,7,5,"Dunsany",179,0,NA,14
"356",2017-06-28 19:00:00,12.9,86,0,26.9,8,5,"Dunsany",179,0,NA,14
"357",2017-06-28 20:00:00,12.6,83,0,4.3,8,4,"Dunsany",179,0,NA,14
"358",2017-06-28 21:00:00,11.9,86,0,0,5,3,"Dunsany",179,0,NA,14
"359",2017-06-28 22:00:00,11.9,82,0,0,6,5,"Dunsany",179,0,NA,14
"360",2017-06-28 23:00:00,11.9,83,0,0,4,1,"Dunsany",179,0,NA,14
"361",2017-06-29 00:00:00,11.6,85,0,0,4,35,"Dunsany",180,0,NA,14
"362",2017-06-29 01:00:00,10.9,79,0,0,7,1,"Dunsany",180,0,NA,14
"363",2017-06-29 02:00:00,10,79,0,0,6,36,"Dunsany",180,0,NA,14
"364",2017-06-29 03:00:00,9.5,82,0,0,4,35,"Dunsany",180,0,NA,14
"365",2017-06-29 04:00:00,9.4,84,0,3.2,6,34,"Dunsany",180,0,NA,14
"366",2017-06-29 05:00:00,9.8,85,0,13.9,6,33,"Dunsany",180,0,NA,14
"367",2017-06-29 06:00:00,10.2,85,0,37.8,6,33,"Dunsany",180,0,NA,14
"368",2017-06-29 07:00:00,11.1,80,0,44,7,34,"Dunsany",180,0,NA,14
"369",2017-06-29 08:00:00,11.7,79,0,61.5,9,34,"Dunsany",180,0,NA,14
"370",2017-06-29 09:00:00,12.7,76,0,105.6,8,34,"Dunsany",180,0,NA,14
"371",2017-06-29 10:00:00,13.5,70,0,142.5,13,34,"Dunsany",180,0,NA,14
"372",2017-06-29 11:00:00,14.5,64,0,85.1,11,35,"Dunsany",180,0,0,14
"373",2017-06-29 12:00:00,13.2,69,0,30.4,12,34,"Dunsany",180,0,NA,13.4
"374",2017-06-29 13:00:00,13.1,72,0,65.4,10,33,"Dunsany",180,0,NA,12.8
"375",2017-06-29 14:00:00,13.5,70,0,72,12,34,"Dunsany",180,0,NA,12.2
"376",2017-06-29 15:00:00,12.5,84,0.4,72.7,11,34,"Dunsany",180,0,NA,11.7
"377",2017-06-29 16:00:00,11.8,87,1.2,41.3,11,33,"Dunsany",180,0,NA,11.1
"378",2017-06-29 17:00:00,11.8,89,0.9,33.9,8,33,"Dunsany",180,0,NA,10.5
"379",2017-06-29 18:00:00,11.5,89,0.6,21.6,10,33,"Dunsany",180,0,NA,9.9
"380",2017-06-29 19:00:00,11.4,86,0.2,10.6,10,32,"Dunsany",180,0,NA,9.3
"381",2017-06-29 20:00:00,11.1,87,0.5,1.8,10,32,"Dunsany",180,0,NA,8.8
"382",2017-06-29 21:00:00,11.1,83,0.3,0,12,32,"Dunsany",180,0,NA,8.2
"383",2017-06-29 22:00:00,11,85,0,0,13,32,"Dunsany",180,0,NA,7.6
"384",2017-06-29 23:00:00,11.1,84,0,0,12,31,"Dunsany",180,0,NA,7
"385",2017-06-30 00:00:00,11.2,82,0,0,13,32,"Dunsany",181,0,NA,6.4
"386",2017-06-30 01:00:00,11,83,0,0,12,32,"Dunsany",181,0,NA,5.8
"387",2017-06-30 02:00:00,11.1,83,0,0,14,32,"Dunsany",181,0,NA,5.2
"388",2017-06-30 03:00:00,10.6,87,0.1,0,15,33,"Dunsany",181,0,NA,4.7
"389",2017-06-30 04:00:00,10.6,87,0.2,0.1,15,32,"Dunsany",181,0,NA,4.1
"390",2017-06-30 05:00:00,10.6,88,0.1,3,15,31,"Dunsany",181,0,NA,3.5
"391",2017-06-30 06:00:00,10.4,90,0.6,7.3,13,32,"Dunsany",181,0,NA,2.9
"392",2017-06-30 07:00:00,10.5,88,0.4,12.2,14,32,"Dunsany",181,0,NA,2.3
"393",2017-06-30 08:00:00,10.9,86,0.1,19.1,13,32,"Dunsany",181,0,NA,1.8
"394",2017-06-30 09:00:00,11.2,85,0,29.8,13,32,"Dunsany",181,0,NA,1.2
"395",2017-06-30 10:00:00,11.6,83,0,40,14,32,"Dunsany",181,0,NA,0.6
"396",2017-06-30 11:00:00,12.1,81,0,71.8,13,32,"Dunsany",181,0,0,0
"397",2017-06-30 12:00:00,12.8,78,0,115.1,17,32,"Dunsany",181,0,NA,0.4
"398",2017-06-30 13:00:00,13.6,74,0,71.9,15,31,"Dunsany",181,0,NA,0.8
"399",2017-06-30 14:00:00,13.4,73,0,92.3,14,31,"Dunsany",181,0,NA,1.2
"400",2017-06-30 15:00:00,13.8,72,0,72.4,12,31,"Dunsany",181,0,NA,1.7
"401",2017-06-30 16:00:00,14.1,70,0,64.6,11,32,"Dunsany",181,0,NA,2.1
"402",2017-06-30 17:00:00,13.7,72,0,49.5,12,32,"Dunsany",181,0,NA,2.5
"403",2017-06-30 18:00:00,13.8,70,0,40.4,10,32,"Dunsany",181,0,NA,2.9
"404",2017-06-30 19:00:00,13.9,71,0,22.7,9,31,"Dunsany",181,0,NA,3.3
"405",2017-06-30 20:00:00,13.2,72,0,8.7,8,32,"Dunsany",181,0,NA,3.8
"406",2017-06-30 21:00:00,11.9,79,0,0.1,2,29,"Dunsany",181,0,NA,4.2
"407",2017-06-30 22:00:00,10,86,0,0,3,22,"Dunsany",181,0,NA,4.6
"408",2017-06-30 23:00:00,9.1,83,0,0,4,27,"Dunsany",181,0,NA,5
"409",2017-07-01 00:00:00,8,86,0,0,3,27,"Dunsany",182,0,NA,5.4
"410",2017-07-01 01:00:00,7.9,89,0,0,5,27,"Dunsany",182,0,NA,5.8
"411",2017-07-01 02:00:00,6.4,94,0,0,2,26,"Dunsany",182,0,NA,6.2
"412",2017-07-01 03:00:00,6,97,0,0.1,3,22,"Dunsany",182,0,NA,6.7
"413",2017-07-01 04:00:00,5.8,96,0,10.5,3,24,"Dunsany",182,0,NA,7.1
"414",2017-07-01 05:00:00,6.8,96,0,41,4,23,"Dunsany",182,0,NA,7.5
"415",2017-07-01 06:00:00,8.6,93,0,55.9,6,20,"Dunsany",182,0,NA,7.9
"416",2017-07-01 07:00:00,10.3,90,0,77.6,7,21,"Dunsany",182,0,NA,8.3
"417",2017-07-01 08:00:00,12.2,86,0,108.3,9,22,"Dunsany",182,0,NA,8.8
"418",2017-07-01 09:00:00,14,82,0,91.9,10,21,"Dunsany",182,0,NA,9.2
"419",2017-07-01 10:00:00,14.2,85,0,105.9,12,22,"Dunsany",182,0,NA,9.6
"420",2017-07-01 11:00:00,15,83,0,84.5,12,22,"Dunsany",182,0,0,10
"421",2017-07-01 12:00:00,15.8,83,0,61.5,11,22,"Dunsany",182,0,NA,10.6
"422",2017-07-01 13:00:00,15.6,89,0,86.1,13,23,"Dunsany",182,0,NA,11.2
"423",2017-07-01 14:00:00,15.6,94,0,54.7,9,23,"Dunsany",182,0,NA,11.8
"424",2017-07-01 15:00:00,16.7,88,0,86.8,11,25,"Dunsany",182,0,NA,12.3
"425",2017-07-01 16:00:00,16.5,94,0.2,98.2,12,26,"Dunsany",182,0,NA,12.9
"426",2017-07-01 17:00:00,15.6,86,0.3,147.9,11,29,"Dunsany",182,0,NA,13.5
"427",2017-07-01 18:00:00,16.4,71,0,88.4,11,31,"Dunsany",182,0,NA,14.1
"428",2017-07-01 19:00:00,15.3,70,0,44.8,11,30,"Dunsany",182,0,NA,14.7
"429",2017-07-01 20:00:00,13.9,71,0,8.4,8,28,"Dunsany",182,0,NA,15.2
"430",2017-07-01 21:00:00,12.6,78,0,0.1,5,28,"Dunsany",182,0,NA,15.8
"431",2017-07-01 22:00:00,10.6,85,0,0,7,26,"Dunsany",182,0,NA,16.4
"432",2017-07-01 23:00:00,9.9,86,0,0,6,25,"Dunsany",182,0,NA,17
"433",2017-07-02 00:00:00,8.9,91,0,0,4,24,"Dunsany",183,0,NA,17.6
"434",2017-07-02 01:00:00,8.2,94,0,0,3,23,"Dunsany",183,0,NA,18.2
"435",2017-07-02 02:00:00,7.8,95,0,0,4,23,"Dunsany",183,0,NA,18.8
"436",2017-07-02 03:00:00,7.6,96,0,0.1,5,23,"Dunsany",183,0,NA,19.3
"437",2017-07-02 04:00:00,7.2,97,0,8.6,4,22,"Dunsany",183,0,NA,19.9
"438",2017-07-02 05:00:00,7.6,97,0,43.5,4,25,"Dunsany",183,0,NA,20.5
"439",2017-07-02 06:00:00,9.7,95,0,95.1,4,23,"Dunsany",183,0,NA,21.1
"440",2017-07-02 07:00:00,11.6,86,0,142.4,6,26,"Dunsany",183,0,NA,21.7
"441",2017-07-02 08:00:00,12.8,79,0,107.2,7,27,"Dunsany",183,0,NA,22.2
"442",2017-07-02 09:00:00,13.2,79,0,176.8,7,26,"Dunsany",183,0,NA,22.8
"443",2017-07-02 10:00:00,14,72,0,199,9,24,"Dunsany",183,0,NA,23.4
"444",2017-07-02 11:00:00,14.9,73,0,173.6,9,22,"Dunsany",183,0,0,24
"445",2017-07-02 12:00:00,15.8,69,0,264.1,9,22,"Dunsany",183,0,NA,24.4
"446",2017-07-02 13:00:00,17.4,64,0,191.1,9,21,"Dunsany",183,0,NA,24.8
"447",2017-07-02 14:00:00,17.5,66,0,120.6,10,22,"Dunsany",183,0,NA,25.2
"448",2017-07-02 15:00:00,17.1,69,0,178.3,10,25,"Dunsany",183,0,NA,25.7
"449",2017-07-02 16:00:00,17.1,68,0,162.1,11,25,"Dunsany",183,0,NA,26.1
"450",2017-07-02 17:00:00,17.2,67,0,74.9,10,23,"Dunsany",183,0,NA,26.5
"451",2017-07-02 18:00:00,17.2,68,0,36.9,10,24,"Dunsany",183,0,NA,26.9
"452",2017-07-02 19:00:00,16.5,74,0,11.6,6,25,"Dunsany",183,0,NA,27.3
"453",2017-07-02 20:00:00,16,77,0,2.5,5,25,"Dunsany",183,0,NA,27.8
"454",2017-07-02 21:00:00,15.5,83,0,0,2,26,"Dunsany",183,0,NA,28.2
"455",2017-07-02 22:00:00,14.6,89,0.2,0,3,22,"Dunsany",183,0,NA,28.6
"456",2017-07-02 23:00:00,14.4,89,0,0,4,23,"Dunsany",183,0,NA,29
"457",2017-07-03 00:00:00,14.6,90,0,0,8,23,"Dunsany",184,0,NA,29.4
"458",2017-07-03 01:00:00,14.5,92,0,0,9,23,"Dunsany",184,0,NA,29.8
"459",2017-07-03 02:00:00,14.1,94,0.2,0,10,25,"Dunsany",184,0,NA,30.2
"460",2017-07-03 03:00:00,13.9,93,0,0,9,24,"Dunsany",184,0,NA,30.7
"461",2017-07-03 04:00:00,13.6,96,0.4,2.3,8,25,"Dunsany",184,0,NA,31.1
"462",2017-07-03 05:00:00,13.5,93,0,9.1,5,27,"Dunsany",184,0,NA,31.5
"463",2017-07-03 06:00:00,12.8,92,0,28.8,3,27,"Dunsany",184,0,NA,31.9
"464",2017-07-03 07:00:00,12.9,88,0,65,5,28,"Dunsany",184,0,NA,32.3
"465",2017-07-03 08:00:00,13.9,84,0,131.8,7,26,"Dunsany",184,0,NA,32.8
"466",2017-07-03 09:00:00,14.3,77,0,77.3,9,26,"Dunsany",184,0,NA,33.2
"467",2017-07-03 10:00:00,14.5,76,0,80.7,7,26,"Dunsany",184,0,NA,33.6
"468",2017-07-03 11:00:00,14.9,74,0,79.1,5,27,"Dunsany",184,0,10,34
"469",2017-07-03 12:00:00,14.9,74,0.1,96.6,4,29,"Dunsany",184,0,NA,34.4
"470",2017-07-03 13:00:00,15.2,72,0,68.6,3,28,"Dunsany",184,0,NA,34.8
"471",2017-07-03 14:00:00,15.6,74,0,150.5,2,20,"Dunsany",184,0,NA,35.2
"472",2017-07-03 15:00:00,17,70,0,126.8,3,20,"Dunsany",184,0,NA,35.7
"473",2017-07-03 16:00:00,16.8,69,0,66.9,2,24,"Dunsany",184,0,NA,36.1
"474",2017-07-03 17:00:00,16.9,69,0,50,1,25,"Dunsany",184,0,NA,36.5
"475",2017-07-03 18:00:00,15.9,82,0.2,18.8,4,12,"Dunsany",184,0,NA,36.9
"476",2017-07-03 19:00:00,14.4,91,0.1,7.4,4,13,"Dunsany",184,0,NA,37.3
"477",2017-07-03 20:00:00,14.1,94,0.1,0.9,3,12,"Dunsany",184,0,NA,37.8
"478",2017-07-03 21:00:00,13.6,96,0.6,0,4,13,"Dunsany",184,0,NA,38.2
"479",2017-07-03 22:00:00,13.2,96,0.5,0,5,9,"Dunsany",184,0,NA,38.6
"480",2017-07-03 23:00:00,13.6,97,0,0,3,13,"Dunsany",184,0,NA,39
"481",2017-07-04 00:00:00,14,96,0,0,4,18,"Dunsany",185,0,NA,39.4
"482",2017-07-04 01:00:00,14.4,95,0,0,6,20,"Dunsany",185,0,NA,39.8
"483",2017-07-04 02:00:00,14.6,94,0,0,8,20,"Dunsany",185,0,NA,40.2
"484",2017-07-04 03:00:00,14.6,94,0,0,5,19,"Dunsany",185,0,NA,40.7
"485",2017-07-04 04:00:00,14.3,93,0.1,1.8,7,20,"Dunsany",185,0,NA,41.1
"486",2017-07-04 05:00:00,14.4,93,0,10.6,8,21,"Dunsany",185,0,NA,41.5
"487",2017-07-04 06:00:00,14,92,0,8,9,214,"Dunsany",185,1,NA,41.9
"488",2017-07-04 07:00:00,15,92,0.1,16,9,217,"Dunsany",185,2,NA,42.3
"489",2017-07-04 08:00:00,15,88,0,41,11,228,"Dunsany",185,0,NA,42.8
"490",2017-07-04 09:00:00,16,83,0.1,71,11,235,"Dunsany",185,0,NA,43.2
"491",2017-07-04 10:00:00,16,85,0.1,53,10,228,"Dunsany",185,0,NA,43.6
"492",2017-07-04 11:00:00,17,80,0.2,111,10,226,"Dunsany",185,0,14,44
"493",2017-07-04 12:00:00,18,76,0.1,135,11,238,"Dunsany",185,0,NA,44
"494",2017-07-04 13:00:00,18,75,0,104,10,241,"Dunsany",185,0,NA,44
"495",2017-07-04 14:00:00,18,71,0.1,129,11,240,"Dunsany",185,0,NA,44
"496",2017-07-04 15:00:00,19,66,0.1,170,12,252,"Dunsany",185,0,NA,44
"497",2017-07-04 16:00:00,19,68,0.2,140,12,259,"Dunsany",185,0,NA,44
"498",2017-07-04 17:00:00,19,66,0.1,143,12,269,"Dunsany",185,0,NA,44
"499",2017-07-04 18:00:00,18,72,0,90,10,292,"Dunsany",185,0,NA,44
"500",2017-07-04 19:00:00,18,74,0,66,7,300,"Dunsany",185,0,NA,44
"501",2017-07-04 20:00:00,16,81,0,29,6,326,"Dunsany",185,0,NA,44
"502",2017-07-04 21:00:00,14,89,0,7,5,338,"Dunsany",185,0,NA,44
"503",2017-07-04 22:00:00,14,90,0,0,5,331,"Dunsany",185,0,NA,44
"504",2017-07-04 23:00:00,13,90,0,0,5,325,"Dunsany",185,0,NA,44
"505",2017-07-05 00:00:00,13,91,0,0,5,359,"Dunsany",186,0,NA,44
"506",2017-07-05 01:00:00,13,88,0,0,4,16,"Dunsany",186,0,NA,44
"507",2017-07-05 02:00:00,12,88,0,0,3,17,"Dunsany",186,0,NA,44
"508",2017-07-05 03:00:00,12,89,0,0,4,0,"Dunsany",186,0,NA,44
"509",2017-07-05 04:00:00,11,92,0,0,4,354,"Dunsany",186,0,NA,44
"510",2017-07-05 05:00:00,11,94,0,6,4,7,"Dunsany",186,0,NA,44
"511",2017-07-05 06:00:00,11,91,0,41,3,13,"Dunsany",186,0,NA,44
"512",2017-07-05 07:00:00,13,86,0,89,3,16,"Dunsany",186,0,NA,44
"513",2017-07-05 08:00:00,14,76,0,136,3,347,"Dunsany",186,0,NA,44
"514",2017-07-05 09:00:00,15,72,0,154,2,328,"Dunsany",186,0,NA,44
"515",2017-07-05 10:00:00,16,66,0,178,1,297,"Dunsany",186,0,NA,44
"516",2017-07-05 11:00:00,17,63,0,150,2,245,"Dunsany",186,0,10,44
"517",2017-07-05 12:00:00,18,60,0,199,3,240,"Dunsany",186,0,NA,44
"518",2017-07-05 13:00:00,19,57,0,206,4,242,"Dunsany",186,0,NA,44
"519",2017-07-05 14:00:00,20,56,0,165,4,235,"Dunsany",186,0,NA,44
"520",2017-07-05 15:00:00,20,58,0,157,2,163,"Dunsany",186,0,NA,44
"521",2017-07-05 16:00:00,19,67,0,102,5,108,"Dunsany",186,0,NA,44
"522",2017-07-05 17:00:00,18,74,0,110,7,102,"Dunsany",186,0,NA,44
"523",2017-07-05 18:00:00,16,80,0,59,7,102,"Dunsany",186,0,NA,44
"524",2017-07-05 19:00:00,16,84,0,34,5,95,"Dunsany",186,0,NA,44
"525",2017-07-05 20:00:00,15,86,0,21,5,94,"Dunsany",186,0,NA,44
"526",2017-07-05 21:00:00,14,87,0,4,5,104,"Dunsany",186,0,NA,44
"527",2017-07-05 22:00:00,15,86,0,0,5,141,"Dunsany",186,0,NA,44
"528",2017-07-05 23:00:00,16,88,0.1,0,7,186,"Dunsany",186,0,NA,44
"529",2017-07-06 00:00:00,16,88,0.1,0,7,193,"Dunsany",187,0,NA,44
"530",2017-07-06 01:00:00,15,90,0.2,0,6,206,"Dunsany",187,0,NA,44
"531",2017-07-06 02:00:00,15,94,0.1,0,5,222,"Dunsany",187,0,NA,44
"532",2017-07-06 03:00:00,15,96,0.1,0,4,233,"Dunsany",187,0,NA,44
"533",2017-07-06 04:00:00,14,95,0,0,4,240,"Dunsany",187,0,NA,44
"534",2017-07-06 05:00:00,15,93,0,2,4,249,"Dunsany",187,0,NA,44
"535",2017-07-06 06:00:00,15,91,0,11,4,253,"Dunsany",187,0,NA,44
"536",2017-07-06 07:00:00,15,91,0,20,4,260,"Dunsany",187,0,NA,44
"537",2017-07-06 08:00:00,15,90,0,58,4,253,"Dunsany",187,0,NA,44
"538",2017-07-06 09:00:00,16,80,0,129,5,244,"Dunsany",187,0,NA,44
"539",2017-07-06 10:00:00,18,71,0,157,5,239,"Dunsany",187,0,NA,44
"540",2017-07-06 11:00:00,18,65,0,170,6,242,"Dunsany",187,0,10,44
"541",2017-07-06 12:00:00,20,59,0,227,7,242,"Dunsany",187,0,NA,43.4
"542",2017-07-06 13:00:00,20,54,0,201,7,246,"Dunsany",187,0,NA,42.8
"543",2017-07-06 14:00:00,21,49,0,211,7,253,"Dunsany",187,0,NA,42.2
"544",2017-07-06 15:00:00,22,50,0,205,8,255,"Dunsany",187,0,NA,41.7
"545",2017-07-06 16:00:00,21,57,0,139,7,285,"Dunsany",187,0,NA,41.1
"546",2017-07-06 17:00:00,20,61,0,104,7,285,"Dunsany",187,0,NA,40.5
"547",2017-07-06 18:00:00,20,63,0,71,6,272,"Dunsany",187,0,NA,39.9
"548",2017-07-06 19:00:00,19,66,0,71,6,269,"Dunsany",187,0,NA,39.3
"549",2017-07-06 20:00:00,18,73,0,32,5,276,"Dunsany",187,0,NA,38.8
"550",2017-07-06 21:00:00,17,77,0,6,6,279,"Dunsany",187,0,NA,38.2
"551",2017-07-06 22:00:00,15,81,0,0,6,279,"Dunsany",187,0,NA,37.6
"552",2017-07-06 23:00:00,15,83,0,0,6,266,"Dunsany",187,0,NA,37
"553",2017-07-07 00:00:00,14,86,0,0,6,254,"Dunsany",188,0,NA,36.4
"554",2017-07-07 01:00:00,14,90,0,0,6,253,"Dunsany",188,0,NA,35.8
"555",2017-07-07 02:00:00,13,92,0,0,6,250,"Dunsany",188,0,NA,35.2
"556",2017-07-07 03:00:00,14,92,0,0,6,250,"Dunsany",188,0,NA,34.7
"557",2017-07-07 04:00:00,14,92,0,0,6,247,"Dunsany",188,0,NA,34.1
"558",2017-07-07 05:00:00,14,91,0,3,6,248,"Dunsany",188,0,NA,33.5
"559",2017-07-07 06:00:00,15,90,0,23,6,245,"Dunsany",188,0,NA,32.9
"560",2017-07-07 07:00:00,16,84,0,41,6,248,"Dunsany",188,0,NA,32.3
"561",2017-07-07 08:00:00,16,81,0.1,41,5,241,"Dunsany",188,0,NA,31.8
"562",2017-07-07 09:00:00,17,77,0,63,5,236,"Dunsany",188,0,NA,31.2
"563",2017-07-07 10:00:00,18,74,0.1,88,6,210,"Dunsany",188,0,NA,30.6
"564",2017-07-07 11:00:00,18,72,0.1,100,8,203,"Dunsany",188,0,0,30
"565",2017-07-07 12:00:00,18,73,0,63,7,201,"Dunsany",188,0,NA,29.6
"566",2017-07-07 13:00:00,18,71,0.1,85,7,209,"Dunsany",188,0,NA,29.2
"567",2017-07-07 14:00:00,19,71,0,81,7,213,"Dunsany",188,0,NA,28.8
"568",2017-07-07 15:00:00,18,74,0,42,6,220,"Dunsany",188,0,NA,28.3
"569",2017-07-07 16:00:00,19,74,0,46,5,216,"Dunsany",188,0,NA,27.9
"570",2017-07-07 17:00:00,18,77,0,36,5,207,"Dunsany",188,0,NA,27.5
"571",2017-07-07 18:00:00,18,77,0,30,7,224,"Dunsany",188,0,NA,27.1
"572",2017-07-07 19:00:00,18.1,77,0,30.6,8,229,"Dunsany",188,0,NA,26.7
"573",2017-07-07 20:00:00,17.8,77,0,32.1,9,223,"Dunsany",188,0,NA,26.2
"574",2017-07-07 21:00:00,17,80,0.1,30,8,220,"Dunsany",188,0,NA,25.8
"575",2017-07-07 22:00:00,15.9,85,0,21.2,7,232,"Dunsany",188,0,NA,25.4
"576",2017-07-07 23:00:00,14.8,90,0,9.5,6,251,"Dunsany",188,0,NA,25
"577",2017-07-08 00:00:00,14,94,1.3,0,6,265,"Dunsany",189,0,NA,24.6
"578",2017-07-08 01:00:00,13.7,95,0,0,6,265,"Dunsany",189,0,NA,24.2
"579",2017-07-08 02:00:00,13.8,95,0,0,7,256,"Dunsany",189,0,NA,23.8
"580",2017-07-08 03:00:00,14,94,0.8,0,7,245,"Dunsany",189,0,NA,23.3
"581",2017-07-08 04:00:00,14,94,0,1,7,239,"Dunsany",189,0,NA,22.9
"582",2017-07-08 05:00:00,13.9,96,0,2.3,6,240,"Dunsany",189,0,NA,22.5
"583",2017-07-08 06:00:00,14,96,0.4,6,6,250,"Dunsany",189,0,NA,22.1
"584",2017-07-08 07:00:00,14.3,95,0,16.6,6,268,"Dunsany",189,0,NA,21.7
"585",2017-07-08 08:00:00,14.8,92,0,46.9,7,287,"Dunsany",189,0,NA,21.2
"586",2017-07-08 09:00:00,15,87,0.2,112,8,300,"Dunsany",189,0,NA,20.8
"587",2017-07-08 10:00:00,14.9,79,0,220.6,8,300,"Dunsany",189,0,NA,20.4
"588",2017-07-08 11:00:00,14.8,71,0,356.7,9,293,"Dunsany",189,0,10,20
"589",2017-07-08 12:00:00,15,63,0,498,9,285,"Dunsany",189,0,NA,19.6
"590",2017-07-08 13:00:00,15.7,57,0,623,10,282,"Dunsany",189,0,NA,19.2
"591",2017-07-08 14:00:00,16.6,53,0,713.3,10,285,"Dunsany",189,0,NA,18.8
"592",2017-07-08 15:00:00,17,52,0,751,11,290,"Dunsany",189,0,NA,18.3
"593",2017-07-08 16:00:00,16.6,52,0,723.8,11,296,"Dunsany",189,0,NA,17.9
"594",2017-07-08 17:00:00,15.8,54,0,640.1,11,299,"Dunsany",189,0,NA,17.5
"595",2017-07-08 18:00:00,15,56,0,514,10,295,"Dunsany",189,0,NA,17.1
"596",2017-07-08 19:00:00,14.6,58,0,362,9,281,"Dunsany",189,0,NA,16.7
"597",2017-07-08 20:00:00,14.4,59,0,211.6,8,264,"Dunsany",189,0,NA,16.2
"598",2017-07-08 21:00:00,14,63,0,93,7,250,"Dunsany",189,0,NA,15.8
"599",2017-07-08 22:00:00,13.1,69,0,28,7,246,"Dunsany",189,0,NA,15.4
"600",2017-07-08 23:00:00,12,75,0,4,7,247,"Dunsany",189,0,NA,15
"601",2017-07-09 00:00:00,11,81,0,0,7,250,"Dunsany",190,0,NA,14.6
"602",2017-07-09 01:00:00,10.5,85,0,0,7,249,"Dunsany",190,0,NA,14.2
"603",2017-07-09 02:00:00,10.4,86,0,0,7,244,"Dunsany",190,0,NA,13.8
"604",2017-07-09 03:00:00,10.7,86,0,0,7,237,"Dunsany",190,0,NA,13.3
"605",2017-07-09 04:00:00,11.1,86,0,0.1,7,228,"Dunsany",190,0,NA,12.9
"606",2017-07-09 05:00:00,11.6,85,0,6.2,7,219,"Dunsany",190,0,NA,12.5
"607",2017-07-09 06:00:00,12,84,0,17,7,210,"Dunsany",190,0,NA,12.1
"608",2017-07-09 07:00:00,12.3,84,0,33.4,7,203,"Dunsany",190,0,NA,11.7
"609",2017-07-09 08:00:00,12.5,85,0,54.7,8,198,"Dunsany",190,0,NA,11.2
"610",2017-07-09 09:00:00,12.6,86,0,80,8,196,"Dunsany",190,0,NA,10.8
"611",2017-07-09 10:00:00,12.7,88,0,108.3,8,197,"Dunsany",190,0,NA,10.4
"612",2017-07-09 11:00:00,12.8,89,0,138.6,9,204,"Dunsany",190,0,0,10
"613",2017-07-09 12:00:00,13,90,1.2,170,9,215,"Dunsany",190,0,NA,10
"614",2017-07-09 13:00:00,13.3,90,0,201.2,9,232,"Dunsany",190,0,NA,10
"615",2017-07-09 14:00:00,13.8,90,0,229.9,9,253,"Dunsany",190,0,NA,10
"616",2017-07-09 15:00:00,14.2,89,0,253.5,9,275,"Dunsany",190,0,NA,10
"617",2017-07-09 16:00:00,14.6,88,0,269.4,8,297,"Dunsany",190,0,NA,10
"618",2017-07-09 17:00:00,14.9,87,0,275.1,8,316,"Dunsany",190,0,NA,10
"619",2017-07-09 18:00:00,15,85,1,268,8,330,"Dunsany",190,0,NA,10
"620",2017-07-09 19:00:00,14.9,83,0,246.5,8,338,"Dunsany",190,0,NA,10
"621",2017-07-09 20:00:00,14.5,82,0,213.2,8,340,"Dunsany",190,0,NA,10
"622",2017-07-09 21:00:00,14.1,81,0,171.5,8,338,"Dunsany",190,0,NA,10
"623",2017-07-09 22:00:00,13.4,80,0,125.1,8,333,"Dunsany",190,0,NA,10
"624",2017-07-09 23:00:00,12.7,81,0,77.4,7,327,"Dunsany",190,0,NA,10
"625",2017-07-10 00:00:00,12,82,0.2,32,7,320,"Dunsany",191,0,NA,10
"626",2017-07-10 01:00:00,11.3,85,0,0,7,314,"Dunsany",191,0,NA,10
"627",2017-07-10 02:00:00,10.6,88,0,0,6,309,"Dunsany",191,0,NA,10
"628",2017-07-10 03:00:00,10.1,91,0,0,6,305,"Dunsany",191,0,NA,10
"629",2017-07-10 04:00:00,9.7,93,0,0,5,302,"Dunsany",191,0,NA,10
"630",2017-07-10 05:00:00,9.7,94,0,0,5,301,"Dunsany",191,0,NA,10
"631",2017-07-10 06:00:00,10,92,0,43,5,300,"Dunsany",191,0,NA,10
"632",2017-07-10 07:00:00,10.7,88,0,132.3,5,300,"Dunsany",191,0,NA,10
"633",2017-07-10 08:00:00,11.7,81,0,246,6,301,"Dunsany",191,0,NA,10
"634",2017-07-10 09:00:00,12.8,74,0,375,7,302,"Dunsany",191,0,NA,10
"635",2017-07-10 10:00:00,14,66,0,510.5,7,303,"Dunsany",191,0,NA,10
"636",2017-07-10 11:00:00,15.1,59,0,643.5,8,302,"Dunsany",191,0,0,10
"637",2017-07-10 12:00:00,16,53,0,765,8,300,"Dunsany",191,0,NA,9.6
"638",2017-07-10 13:00:00,16.6,50,0,866.8,8,296,"Dunsany",191,0,NA,9.2
"639",2017-07-10 14:00:00,16.9,48,0,943.7,8,291,"Dunsany",191,0,NA,8.8
"640",2017-07-10 15:00:00,17,49,0,990.9,7,284,"Dunsany",191,0,NA,8.3
"641",2017-07-10 16:00:00,16.9,50,0,1004,7,278,"Dunsany",191,0,NA,7.9
"642",2017-07-10 17:00:00,16.5,53,0,978.2,6,271,"Dunsany",191,0,NA,7.5
"643",2017-07-10 18:00:00,16,56,0,909,6,265,"Dunsany",191,0,NA,7.1
"644",2017-07-10 19:00:00,15.4,59,0,795.2,6,260,"Dunsany",191,0,NA,6.7
"645",2017-07-10 20:00:00,14.7,62,0,649.2,6,256,"Dunsany",191,0,NA,6.2
"646",2017-07-10 21:00:00,13.9,66,0,487,6,251,"Dunsany",191,0,NA,5.8
"647",2017-07-10 22:00:00,13.2,69,0,324.3,6,247,"Dunsany",191,0,NA,5.4
"648",2017-07-10 23:00:00,12.6,72,0,177,6,242,"Dunsany",191,0,NA,5
"649",2017-07-11 00:00:00,12,75,0,61,6,235,"Dunsany",192,0,NA,4.6
"650",2017-07-11 01:00:00,11.6,78,0,0,6,227,"Dunsany",192,0,NA,4.2
"651",2017-07-11 02:00:00,11.3,80,0,0,7,218,"Dunsany",192,0,NA,3.8
"652",2017-07-11 03:00:00,11.3,83,0,0,7,210,"Dunsany",192,0,NA,3.3
"653",2017-07-11 04:00:00,11.3,85,0,0,8,203,"Dunsany",192,0,NA,2.9
"654",2017-07-11 05:00:00,11.6,87,0,0,8,200,"Dunsany",192,0,NA,2.5
"655",2017-07-11 06:00:00,12,88,1.5,7,9,200,"Dunsany",192,0,NA,2.1
"656",2017-07-11 07:00:00,12.6,89,0,25.6,10,205,"Dunsany",192,0,NA,1.7
"657",2017-07-11 08:00:00,13.3,89,0,42.2,11,214,"Dunsany",192,0,NA,1.2
"658",2017-07-11 09:00:00,14,89,0,62.8,11,225,"Dunsany",192,0,NA,0.8
"659",2017-07-11 10:00:00,14.8,89,0,93.7,12,238,"Dunsany",192,0,NA,0.4
"660",2017-07-11 11:00:00,15.4,87,0,141.1,13,250,"Dunsany",192,0,0,0
"661",2017-07-11 12:00:00,16,85,0.7,211,13,260,"Dunsany",192,0,NA,0
"662",2017-07-11 13:00:00,16.4,82,0,306.1,13,267,"Dunsany",192,0,NA,0
"663",2017-07-11 14:00:00,16.6,78,0,414.8,13,272,"Dunsany",192,0,NA,0
"664",2017-07-11 15:00:00,16.6,75,0,521.7,13,275,"Dunsany",192,0,NA,0
"665",2017-07-11 16:00:00,16.5,71,0,611.7,13,276,"Dunsany",192,0,NA,0
"666",2017-07-11 17:00:00,16.3,69,0,669.5,13,276,"Dunsany",192,0,NA,0
"667",2017-07-11 18:00:00,16,67,0.1,680,12,275,"Dunsany",192,0,NA,0
"668",2017-07-11 19:00:00,15.6,67,0,633.2,11,274,"Dunsany",192,0,NA,0
"669",2017-07-11 20:00:00,15.1,67,0,540.5,11,273,"Dunsany",192,0,NA,0
"670",2017-07-11 21:00:00,14.6,69,0,418.8,10,272,"Dunsany",192,0,NA,0
"671",2017-07-11 22:00:00,14,71,0,284.7,9,271,"Dunsany",192,0,NA,0
"672",2017-07-11 23:00:00,13.5,74,0,155.2,8,270,"Dunsany",192,0,NA,0
"673",2017-07-12 00:00:00,13,77,0,47,8,270,"Dunsany",193,0,NA,0
"674",2017-07-12 01:00:00,12.6,80,0,0,8,270,"Dunsany",193,0,NA,0
"675",2017-07-12 02:00:00,12.2,83,0,0,8,271,"Dunsany",193,0,NA,0
"676",2017-07-12 03:00:00,12,85,0,0,8,271,"Dunsany",193,0,NA,0
"677",2017-07-12 04:00:00,11.9,86,0,0,8,271,"Dunsany",193,0,NA,0
"678",2017-07-12 05:00:00,11.9,87,0,0,9,271,"Dunsany",193,0,NA,0
"679",2017-07-12 06:00:00,12,86,0,31,9,270,"Dunsany",193,0,NA,0
"680",2017-07-12 07:00:00,12.3,84,0,99.1,9,268,"Dunsany",193,0,NA,0
"681",2017-07-12 08:00:00,12.7,81,0,178.2,9,266,"Dunsany",193,0,NA,0
"682",2017-07-12 09:00:00,13.2,76,0,266.3,10,264,"Dunsany",193,0,NA,0
"683",2017-07-12 10:00:00,13.7,72,0,361.2,10,262,"Dunsany",193,0,NA,0
"684",2017-07-12 11:00:00,14.4,68,0,460.8,10,260,"Dunsany",193,0,0,0
"685",2017-07-12 12:00:00,15,64,0,563,10,260,"Dunsany",193,0,NA,0
"686",2017-07-12 13:00:00,15.6,61,0,664.5,10,261,"Dunsany",193,0,NA,0
"687",2017-07-12 14:00:00,16.2,59,0,757.4,10,262,"Dunsany",193,0,NA,0
"688",2017-07-12 15:00:00,16.7,57,0,833,10,264,"Dunsany",193,0,NA,0
"689",2017-07-12 16:00:00,17,57,0,882.2,10,265,"Dunsany",193,0,NA,0
"690",2017-07-12 17:00:00,17.1,58,0,896.2,10,266,"Dunsany",193,0,NA,0
"691",2017-07-12 18:00:00,17,59,0,866,10,265,"Dunsany",193,0,NA,0
"692",2017-07-12 19:00:00,16.6,61,0,786.7,10,262,"Dunsany",193,0,NA,0
"693",2017-07-12 20:00:00,16,65,0,669,9,259,"Dunsany",193,0,NA,0
"694",2017-07-12 21:00:00,15.2,68,0,527.6,9,254,"Dunsany",193,0,NA,0
"695",2017-07-12 22:00:00,14.4,72,0,377.2,8,250,"Dunsany",193,0,NA,0
"696",2017-07-12 23:00:00,13.7,76,0,232.4,8,247,"Dunsany",193,0,NA,0
"697",2017-07-13 00:00:00,13,80,0,108,8,245,"Dunsany",194,0,NA,0
"698",2017-07-13 01:00:00,12.5,83,0,15.8,8,245,"Dunsany",194,0,NA,0
"699",2017-07-13 02:00:00,12.2,86,0,0,8,248,"Dunsany",194,0,NA,0
"700",2017-07-13 03:00:00,12.1,88,0,0,9,251,"Dunsany",194,0,NA,0
"701",2017-07-13 04:00:00,12.2,89,0,0,9,256,"Dunsany",194,0,NA,0
"702",2017-07-13 05:00:00,12.5,89,0,0,10,260,"Dunsany",194,0,NA,0
"703",2017-07-13 06:00:00,13,88,0.2,10,10,265,"Dunsany",194,0,NA,0
"704",2017-07-13 07:00:00,13.7,85,0,85.1,10,269,"Dunsany",194,0,NA,0
"705",2017-07-13 08:00:00,14.4,81,0,177.7,11,273,"Dunsany",194,0,NA,0
"706",2017-07-13 09:00:00,15.2,77,0,282.1,11,275,"Dunsany",194,0,NA,0
"707",2017-07-13 10:00:00,16,72,0,392.8,11,278,"Dunsany",194,0,NA,0
"708",2017-07-13 11:00:00,16.6,67,0,504.3,12,279,"Dunsany",194,0,0,0
"709",2017-07-13 12:00:00,17,63,0.8,611,12,280,"Dunsany",194,0,NA,0
"710",2017-07-13 13:00:00,17.1,60,0,707.7,12,280,"Dunsany",194,0,NA,0
"711",2017-07-13 14:00:00,17,58,0,790.7,13,280,"Dunsany",194,0,NA,0
"712",2017-07-13 15:00:00,16.7,57,0,856.6,13,279,"Dunsany",194,0,NA,0
"713",2017-07-13 16:00:00,16.2,57,0,901.8,13,278,"Dunsany",194,0,NA,0
"714",2017-07-13 17:00:00,15.6,57,0,923.1,13,277,"Dunsany",194,0,NA,0
"715",2017-07-13 18:00:00,15,58,0.3,917,13,275,"Dunsany",194,0,NA,0
"716",2017-07-13 19:00:00,14.4,59,0,880,13,273,"Dunsany",194,0,NA,0
"717",2017-07-13 20:00:00,13.8,61,0,808.3,12,271,"Dunsany",194,0,NA,0
"718",2017-07-13 21:00:00,13.2,64,0,698.1,12,270,"Dunsany",194,0,NA,0
"719",2017-07-13 22:00:00,12.7,67,0,545.5,11,268,"Dunsany",194,0,NA,0
"720",2017-07-13 23:00:00,12.3,70,0,346.8,10,266,"Dunsany",194,0,NA,0
