"","date","temp","rhum","rain","solar","wdspd","wddir","stna","DayNo","irish_rules","dk_daily_spor","dk_infpressure","irish_rules_sensitive"
"1",2017-08-20 00:00:00,9.9,87,0,0,2,26,"OakPark",232,0,12,39,0
"2",2017-08-20 01:00:00,8.8,93,0,0,2,15,"OakPark",232,0,NA,39,0
"3",2017-08-20 02:00:00,8.8,93,0,0,3,14,"OakPark",232,0,NA,39,0
"4",2017-08-20 03:00:00,8,95,0,0,2,11,"OakPark",232,0,NA,39,0
"5",2017-08-20 04:00:00,8.2,96,0,0,2,6,"OakPark",232,0,NA,39,0
"6",2017-08-20 05:00:00,8.7,96,0,1.8,1,6,"OakPark",232,0,NA,39,0
"7",2017-08-20 06:00:00,9,95,0,15.4,2,16,"OakPark",232,0,NA,39,0
"8",2017-08-20 07:00:00,10.5,94,0,31.5,2,14,"OakPark",232,0,NA,39,0
"9",2017-08-20 08:00:00,12.2,86,0,32.6,4,15,"OakPark",232,0,NA,39,0
"10",2017-08-20 09:00:00,13.1,87,0,45.3,7,13,"OakPark",232,0,NA,39,0
"11",2017-08-20 10:00:00,14,88,0,37.4,8,13,"OakPark",232,0,NA,39,0
"12",2017-08-20 11:00:00,14.1,86,0,45.8,9,14,"OakPark",232,0,12,39,0
"13",2017-08-20 12:00:00,14.4,95,1.2,70.6,7,13,"OakPark",232,0,NA,39,0
"14",2017-08-20 13:00:00,14.9,94,0.5,32.7,10,13,"OakPark",232,0,NA,39,0
"15",2017-08-20 14:00:00,14.7,96,1.8,37.6,6,12,"OakPark",232,0,NA,39,0
"16",2017-08-20 15:00:00,14.9,96,2.5,34.6,5,11,"OakPark",232,0,NA,39,0
"17",2017-08-20 16:00:00,15.1,97,1.8,52.9,5,7,"OakPark",232,0,NA,39,0
"18",2017-08-20 17:00:00,15.4,95,0.3,38,7,12,"OakPark",232,0,NA,39,0
"19",2017-08-20 18:00:00,15.6,92,0,13.3,7,12,"OakPark",232,0,NA,39,0
"20",2017-08-20 19:00:00,15.4,93,0,1.2,2,11,"OakPark",232,0,NA,39,0
"21",2017-08-20 20:00:00,15.1,94,0,0,4,15,"OakPark",232,0,NA,39,0
"22",2017-08-20 21:00:00,14.8,95,0,0,4,12,"OakPark",232,0,NA,39,1
"23",2017-08-20 22:00:00,14.7,97,0,0,4,10,"OakPark",232,0,NA,39,2
"24",2017-08-20 23:00:00,14.7,96,0,0,4,14,"OakPark",232,0,NA,39,3
"25",2017-08-21 00:00:00,14.6,98,0,0,4,13,"OakPark",233,0,NA,39,4
"26",2017-08-21 01:00:00,14.7,98,0,0,5,14,"OakPark",233,0,NA,39,5
"27",2017-08-21 02:00:00,14.7,97,0,0,4,13,"OakPark",233,0,NA,39,6
"28",2017-08-21 03:00:00,14.7,97,0.4,0,5,13,"OakPark",233,1,NA,39,7
"29",2017-08-21 04:00:00,14.8,98,0.4,0,4,16,"OakPark",233,2,NA,39,8
"30",2017-08-21 05:00:00,14.8,98,0.9,1.3,5,13,"OakPark",233,3,NA,39,9
"31",2017-08-21 06:00:00,14.9,98,3.2,11.9,4,14,"OakPark",233,4,NA,39,10
"32",2017-08-21 07:00:00,15.3,98,0,27.6,3,15,"OakPark",233,5,NA,39,11
"33",2017-08-21 08:00:00,15.9,98,0,39.1,4,13,"OakPark",233,6,NA,39,12
"34",2017-08-21 09:00:00,16.6,97,0.1,67.3,4,14,"OakPark",233,7,NA,39,13
"35",2017-08-21 10:00:00,18.3,95,0,161.3,6,15,"OakPark",233,8,NA,39,14
"36",2017-08-21 11:00:00,19.7,84,0,107.7,6,19,"OakPark",233,0,11,39,0
"37",2017-08-21 12:00:00,19.5,86,0,89.4,4,19,"OakPark",233,0,NA,39,0
"38",2017-08-21 13:00:00,21.3,85,0,133.3,5,15,"OakPark",233,0,NA,39,0
"39",2017-08-21 14:00:00,21.3,83,0,148.8,10,17,"OakPark",233,0,NA,39,0
"40",2017-08-21 15:00:00,21.8,80,0,171.1,10,18,"OakPark",233,0,NA,39,0
"41",2017-08-21 16:00:00,20.6,82,0,93.2,9,17,"OakPark",233,0,NA,39,0
"42",2017-08-21 17:00:00,20.6,79,0,93.5,9,18,"OakPark",233,0,NA,39,0
"43",2017-08-21 18:00:00,19.7,83,0,22.7,6,17,"OakPark",233,0,NA,39,0
"44",2017-08-21 19:00:00,18.6,87,0,1.2,6,16,"OakPark",233,0,NA,39,0
"45",2017-08-21 20:00:00,17.5,90,0,0,9,16,"OakPark",233,0,NA,39,0
"46",2017-08-21 21:00:00,16.6,93,0,0,11,18,"OakPark",233,0,NA,39,0
"47",2017-08-21 22:00:00,16.3,95,0,0,11,18,"OakPark",233,0,NA,39,0
"48",2017-08-21 23:00:00,16.2,95,0,0,9,19,"OakPark",233,0,NA,39,0
"49",2017-08-22 00:00:00,16,97,0,0,8,17,"OakPark",234,0,NA,39,0
"50",2017-08-22 01:00:00,16,96,0,0,6,16,"OakPark",234,0,NA,39,0
"51",2017-08-22 02:00:00,15.8,96,0,0,5,16,"OakPark",234,0,NA,39,0
"52",2017-08-22 03:00:00,15.8,96,0,0,4,14,"OakPark",234,0,NA,39,0
"53",2017-08-22 04:00:00,15.4,97,0,0,6,14,"OakPark",234,0,NA,39,0
"54",2017-08-22 05:00:00,14.9,98,0,1.3,8,14,"OakPark",234,0,NA,39,1
"55",2017-08-22 06:00:00,14.8,96,0,18.4,7,13,"OakPark",234,0,NA,39,2
"56",2017-08-22 07:00:00,15.1,96,0,23.7,6,14,"OakPark",234,0,NA,39,3
"57",2017-08-22 08:00:00,15.7,96,0,40.6,7,14,"OakPark",234,0,NA,39,4
"58",2017-08-22 09:00:00,16.5,92,0,61.2,9,14,"OakPark",234,0,NA,39,5
"59",2017-08-22 10:00:00,17.2,91,0,73.6,10,14,"OakPark",234,0,NA,39,6
"60",2017-08-22 11:00:00,17.6,89,0,85.2,9,13,"OakPark",234,0,16,39,7
"61",2017-08-22 12:00:00,18.7,86,0,33.6,9,14,"OakPark",234,0,NA,38.5,0
"62",2017-08-22 13:00:00,17.9,88,0,42.8,9,14,"OakPark",234,0,NA,38,0
"63",2017-08-22 14:00:00,18.4,89,0.2,68.6,8,14,"OakPark",234,0,NA,37.5,8
"64",2017-08-22 15:00:00,18.4,89,0,51.4,12,14,"OakPark",234,0,NA,37,9
"65",2017-08-22 16:00:00,19,88,0,22.2,9,14,"OakPark",234,0,NA,36.5,10
"66",2017-08-22 17:00:00,19.1,88,0,21.7,9,13,"OakPark",234,0,NA,36,11
"67",2017-08-22 18:00:00,19.3,84,0,4.5,11,17,"OakPark",234,0,NA,35.5,0
"68",2017-08-22 19:00:00,18.3,88,0,1,9,16,"OakPark",234,0,NA,35,0
"69",2017-08-22 20:00:00,17.8,90,0,0,6,18,"OakPark",234,0,NA,34.5,12
"70",2017-08-22 21:00:00,16.9,98,0,0,7,19,"OakPark",234,0,NA,34,13
"71",2017-08-22 22:00:00,16.6,97,0.1,0,7,20,"OakPark",234,0,NA,33.5,14
"72",2017-08-22 23:00:00,15.9,97,0,0,5,18,"OakPark",234,0,NA,33,15
"73",2017-08-23 00:00:00,15.3,89,0,0,2,25,"OakPark",235,0,NA,32.5,16
"74",2017-08-23 01:00:00,14.1,82,0,0,3,24,"OakPark",235,0,NA,32,0
"75",2017-08-23 02:00:00,12.8,95,0,0,3,13,"OakPark",235,0,NA,31.5,0
"76",2017-08-23 03:00:00,12,97,0,0,3,14,"OakPark",235,0,NA,31,17
"77",2017-08-23 04:00:00,11.5,97,0.1,0,2,15,"OakPark",235,0,NA,30.5,18
"78",2017-08-23 05:00:00,10.9,97,0,3.8,4,13,"OakPark",235,0,NA,30,19
"79",2017-08-23 06:00:00,11.5,98,0,29.4,4,16,"OakPark",235,0,NA,29.5,20
"80",2017-08-23 07:00:00,12.4,96,0,85.7,4,15,"OakPark",235,0,NA,29,21
"81",2017-08-23 08:00:00,14.4,87,0,87.2,5,14,"OakPark",235,0,NA,28.5,0
"82",2017-08-23 09:00:00,15.7,81,0,126.7,5,18,"OakPark",235,0,NA,28,0
"83",2017-08-23 10:00:00,16.6,78,0,130.7,8,21,"OakPark",235,0,NA,27.5,0
"84",2017-08-23 11:00:00,18.2,69,0,138.9,8,22,"OakPark",235,0,0,27,0
"85",2017-08-23 12:00:00,18.2,69,0,117.8,8,20,"OakPark",235,0,NA,27.1,0
"86",2017-08-23 13:00:00,18.1,68,0,212.8,10,23,"OakPark",235,0,NA,27.2,0
"87",2017-08-23 14:00:00,19.5,63,0,219.9,10,22,"OakPark",235,0,NA,27.4,0
"88",2017-08-23 15:00:00,20,65,0,173.3,8,22,"OakPark",235,0,NA,27.5,0
"89",2017-08-23 16:00:00,20,57,0,129.9,11,25,"OakPark",235,0,NA,27.6,0
"90",2017-08-23 17:00:00,19.4,62,0,88.1,8,24,"OakPark",235,0,NA,27.8,0
"91",2017-08-23 18:00:00,18.5,66,0,32.5,7,25,"OakPark",235,0,NA,27.9,0
"92",2017-08-23 19:00:00,16.8,74,0,0.8,5,24,"OakPark",235,0,NA,28,0
"93",2017-08-23 20:00:00,14.9,87,0,0,2,27,"OakPark",235,0,NA,28.1,0
"94",2017-08-23 21:00:00,13.9,89,0,0,1,11,"OakPark",235,0,NA,28.2,0
"95",2017-08-23 22:00:00,14.5,82,0,0,4,30,"OakPark",235,0,NA,28.4,0
"96",2017-08-23 23:00:00,13.2,89,0,0,3,19,"OakPark",235,0,NA,28.5,0
"97",2017-08-24 00:00:00,13.1,89,0,0,4,17,"OakPark",236,0,NA,28.6,0
"98",2017-08-24 01:00:00,13.2,90,0,0,1,7,"OakPark",236,0,NA,28.8,0
"99",2017-08-24 02:00:00,12.6,91,0,0,1,15,"OakPark",236,0,NA,28.9,0
"100",2017-08-24 03:00:00,12.6,91,0,0,5,16,"OakPark",236,0,NA,29,0
"101",2017-08-24 04:00:00,12.5,92,0,0,5,18,"OakPark",236,0,NA,29.1,0
"102",2017-08-24 05:00:00,12.6,87,0,1.4,7,23,"OakPark",236,0,NA,29.2,0
"103",2017-08-24 06:00:00,11.4,94,0,13.2,5,17,"OakPark",236,0,NA,29.4,0
"104",2017-08-24 07:00:00,12.3,92,0,39.1,5,16,"OakPark",236,0,NA,29.5,0
"105",2017-08-24 08:00:00,13.7,90,0,75.1,5,15,"OakPark",236,0,NA,29.6,0
"106",2017-08-24 09:00:00,15.2,82,0,101.8,4,18,"OakPark",236,0,NA,29.8,0
"107",2017-08-24 10:00:00,16.5,75,0,163.4,8,20,"OakPark",236,0,NA,29.9,0
"108",2017-08-24 11:00:00,17.5,66,0,64.9,11,21,"OakPark",236,0,0,30,0
"109",2017-08-24 12:00:00,17.3,70,0,85.4,11,23,"OakPark",236,0,NA,29.8,0
"110",2017-08-24 13:00:00,17.2,70,0,76.2,11,22,"OakPark",236,0,NA,29.5,0
"111",2017-08-24 14:00:00,17.9,72,0,100.7,13,23,"OakPark",236,0,NA,29.2,0
"112",2017-08-24 15:00:00,18,71,0,32,11,22,"OakPark",236,0,NA,29,0
"113",2017-08-24 16:00:00,17.2,75,0,50.6,6,23,"OakPark",236,0,NA,28.8,0
"114",2017-08-24 17:00:00,17.7,72,0,55.9,9,23,"OakPark",236,0,NA,28.5,0
"115",2017-08-24 18:00:00,17.4,75,0,6.1,8,24,"OakPark",236,0,NA,28.2,0
"116",2017-08-24 19:00:00,16.6,81,0,1.2,8,21,"OakPark",236,0,NA,28,0
"117",2017-08-24 20:00:00,16,82,0,0,6,24,"OakPark",236,0,NA,27.8,0
"118",2017-08-24 21:00:00,15.8,82,0,0,4,18,"OakPark",236,0,NA,27.5,0
"119",2017-08-24 22:00:00,15.3,83,0,0,8,21,"OakPark",236,0,NA,27.2,0
"120",2017-08-24 23:00:00,14.5,84,0,0,6,19,"OakPark",236,0,NA,27,0
"121",2017-08-25 00:00:00,13.8,88,0,0,6,20,"OakPark",237,0,NA,26.8,0
"122",2017-08-25 01:00:00,14,87,0,0,7,17,"OakPark",237,0,NA,26.5,0
"123",2017-08-25 02:00:00,13.6,89,0,0,5,18,"OakPark",237,0,NA,26.2,0
"124",2017-08-25 03:00:00,13.4,91,0,0,5,17,"OakPark",237,0,NA,26,0
"125",2017-08-25 04:00:00,14,88,0,0,6,17,"OakPark",237,0,NA,25.8,0
"126",2017-08-25 05:00:00,13.8,88,0,1.9,5,16,"OakPark",237,0,NA,25.5,0
"127",2017-08-25 06:00:00,13,94,0,12,5,18,"OakPark",237,0,NA,25.2,0
"128",2017-08-25 07:00:00,13.5,93,0,35.9,6,18,"OakPark",237,0,NA,25,0
"129",2017-08-25 08:00:00,14.5,89,0,87.3,6,19,"OakPark",237,0,NA,24.8,0
"130",2017-08-25 09:00:00,15.8,80,0,86.6,7,19,"OakPark",237,0,NA,24.5,0
"131",2017-08-25 10:00:00,16.3,76,0,105.3,7,20,"OakPark",237,0,NA,24.2,0
"132",2017-08-25 11:00:00,17.4,69,0,115.2,6,20,"OakPark",237,0,0,24,0
"133",2017-08-25 12:00:00,17.5,66,0,79.6,7,23,"OakPark",237,0,NA,24.5,0
"134",2017-08-25 13:00:00,16.8,73,0,47.7,7,23,"OakPark",237,0,NA,25,0
"135",2017-08-25 14:00:00,16.5,75,0.1,97.2,6,21,"OakPark",237,0,NA,25.5,0
"136",2017-08-25 15:00:00,17.5,68,0,131.9,6,24,"OakPark",237,0,NA,26,0
"137",2017-08-25 16:00:00,18.7,60,0,139.2,9,21,"OakPark",237,0,NA,26.5,0
"138",2017-08-25 17:00:00,19,63,0,86.5,9,21,"OakPark",237,0,NA,27,0
"139",2017-08-25 18:00:00,18.1,72,0,29.2,7,19,"OakPark",237,0,NA,27.5,0
"140",2017-08-25 19:00:00,16.4,80,0,2.7,9,21,"OakPark",237,0,NA,28,0
"141",2017-08-25 20:00:00,15.2,89,0,0,7,20,"OakPark",237,0,NA,28.5,0
"142",2017-08-25 21:00:00,15.1,90,0,0,7,20,"OakPark",237,0,NA,29,0
"143",2017-08-25 22:00:00,14.9,91,0,0,8,21,"OakPark",237,0,NA,29.5,0
"144",2017-08-25 23:00:00,14.7,90,0,0,5,21,"OakPark",237,0,NA,30,0
"145",2017-08-26 00:00:00,13.7,94,0,0,3,17,"OakPark",238,0,NA,30.5,0
"146",2017-08-26 01:00:00,13.6,95,0,0,4,18,"OakPark",238,0,NA,31,0
"147",2017-08-26 02:00:00,12.9,96,0,0,1,29,"OakPark",238,0,NA,31.5,0
"148",2017-08-26 03:00:00,12.8,97,0,0,1,33,"OakPark",238,0,NA,32,0
"149",2017-08-26 04:00:00,11.1,98,0,0,1,16,"OakPark",238,0,NA,32.5,0
"150",2017-08-26 05:00:00,11.8,98,0,1.6,3,1,"OakPark",238,0,NA,33,1
"151",2017-08-26 06:00:00,12.4,98,0,10.3,1,5,"OakPark",238,0,NA,33.5,2
"152",2017-08-26 07:00:00,12.9,98,0,37.3,1,31,"OakPark",238,0,NA,34,3
"153",2017-08-26 08:00:00,13.9,98,0,70.1,1,2,"OakPark",238,0,NA,34.5,4
"154",2017-08-26 09:00:00,15.4,88,0,109,1,11,"OakPark",238,0,NA,35,5
"155",2017-08-26 10:00:00,16.7,82,0,141.3,3,28,"OakPark",238,0,NA,35.5,0
"156",2017-08-26 11:00:00,17.6,75,0,108.5,4,22,"OakPark",238,0,14,36,0
"157",2017-08-26 12:00:00,17.9,74,0,89.8,3,32,"OakPark",238,0,NA,36,0
"158",2017-08-26 13:00:00,18.6,70,0,117.6,4,30,"OakPark",238,0,NA,36,0
"159",2017-08-26 14:00:00,19.3,67,0,105.6,4,28,"OakPark",238,0,NA,36,0
"160",2017-08-26 15:00:00,19.7,66,0,65.9,2,28,"OakPark",238,0,NA,36,0
"161",2017-08-26 16:00:00,19.5,68,0,72.8,4,27,"OakPark",238,0,NA,36,0
"162",2017-08-26 17:00:00,19.6,68,0,34,4,27,"OakPark",238,0,NA,36,0
"163",2017-08-26 18:00:00,18.8,75,0,10.7,5,22,"OakPark",238,0,NA,36,0
"164",2017-08-26 19:00:00,17.9,79,0,0.3,6,20,"OakPark",238,0,NA,36,0
"165",2017-08-26 20:00:00,17,80,0,0,5,18,"OakPark",238,0,NA,36,0
"166",2017-08-26 21:00:00,16.6,82,0,0,6,19,"OakPark",238,0,NA,36,0
"167",2017-08-26 22:00:00,16.2,84,0,0,5,18,"OakPark",238,0,NA,36,0
"168",2017-08-26 23:00:00,15.9,88,0,0,5,17,"OakPark",238,0,NA,36,0
"169",2017-08-27 00:00:00,15.7,91,0,0,4,18,"OakPark",239,0,NA,36,0
"170",2017-08-27 01:00:00,15.4,95,0.1,0,3,17,"OakPark",239,0,NA,36,0
"171",2017-08-27 02:00:00,15.4,95,0,0,4,18,"OakPark",239,0,NA,36,0
"172",2017-08-27 03:00:00,15.4,94,0,0,5,17,"OakPark",239,0,NA,36,0
"173",2017-08-27 04:00:00,15.2,95,0,0,4,16,"OakPark",239,0,NA,36,0
"174",2017-08-27 05:00:00,14.8,95,0.1,1.9,6,16,"OakPark",239,0,NA,36,0
"175",2017-08-27 06:00:00,14.2,94,0,16.6,4,17,"OakPark",239,0,NA,36,0
"176",2017-08-27 07:00:00,14.7,95,0,52.2,3,14,"OakPark",239,0,NA,36,0
"177",2017-08-27 08:00:00,15.9,92,0,107.6,5,17,"OakPark",239,0,NA,36,1
"178",2017-08-27 09:00:00,17.9,86,0,160.1,7,17,"OakPark",239,0,NA,36,0
"179",2017-08-27 10:00:00,19,81,0,106.9,9,17,"OakPark",239,0,NA,36,0
"180",2017-08-27 11:00:00,19.9,79,0,168.7,7,17,"OakPark",239,0,10,36,0
"181",2017-08-27 12:00:00,21.2,73,0,197.9,10,20,"OakPark",239,0,NA,36,0
"182",2017-08-27 13:00:00,21.6,72,0,217.5,12,19,"OakPark",239,0,NA,36,0
"183",2017-08-27 14:00:00,21.5,69,0,113.8,12,19,"OakPark",239,0,NA,36,0
"184",2017-08-27 15:00:00,20.3,76,0,63.6,11,20,"OakPark",239,0,NA,36,0
"185",2017-08-27 16:00:00,19.6,81,0,93.1,12,20,"OakPark",239,0,NA,36,0
"186",2017-08-27 17:00:00,19.8,80,0,52.7,11,19,"OakPark",239,0,NA,36,0
"187",2017-08-27 18:00:00,19,83,0,18.1,10,19,"OakPark",239,0,NA,36,0
"188",2017-08-27 19:00:00,17.7,87,0,1.5,9,18,"OakPark",239,0,NA,36,0
"189",2017-08-27 20:00:00,17,91,0,0,4,19,"OakPark",239,0,NA,36,0
"190",2017-08-27 21:00:00,16.5,92,0,0,9,18,"OakPark",239,0,NA,36,0
"191",2017-08-27 22:00:00,16.5,93,0,0,9,20,"OakPark",239,0,NA,36,0
"192",2017-08-27 23:00:00,16.6,93,0,0,8,19,"OakPark",239,0,NA,36,0
"193",2017-08-28 00:00:00,16.5,92,0,0,9,19,"OakPark",240,0,NA,36,0
"194",2017-08-28 01:00:00,16.3,93,0,0,7,19,"OakPark",240,0,NA,36,0
"195",2017-08-28 02:00:00,16.2,93,0,0,8,17,"OakPark",240,0,NA,36,0
"196",2017-08-28 03:00:00,16.4,92,0,0,7,18,"OakPark",240,0,NA,36,0
"197",2017-08-28 04:00:00,16.2,91,0,0,5,19,"OakPark",240,0,NA,36,0
"198",2017-08-28 05:00:00,15.1,93,0,2.1,5,16,"OakPark",240,0,NA,36,1
"199",2017-08-28 06:00:00,14.6,92,0,30.1,6,17,"OakPark",240,0,NA,36,2
"200",2017-08-28 07:00:00,15.5,89,0,35.2,6,16,"OakPark",240,0,NA,36,3
"201",2017-08-28 08:00:00,16.5,83,0,103.8,7,19,"OakPark",240,0,NA,36,0
"202",2017-08-28 09:00:00,17.7,79,0,107.7,8,19,"OakPark",240,0,NA,36,0
"203",2017-08-28 10:00:00,19.3,75,0,136.6,10,19,"OakPark",240,0,NA,36,0
"204",2017-08-28 11:00:00,20.4,73,0,105.6,10,20,"OakPark",240,0,12,36,0
"205",2017-08-28 12:00:00,20.9,72,0,158.9,11,22,"OakPark",240,0,NA,35.4,0
"206",2017-08-28 13:00:00,21.1,72,0,56.7,9,22,"OakPark",240,0,NA,34.8,0
"207",2017-08-28 14:00:00,20.2,77,0,58.7,10,24,"OakPark",240,0,NA,34.2,0
"208",2017-08-28 15:00:00,19.9,81,0,37.8,8,27,"OakPark",240,0,NA,33.7,0
"209",2017-08-28 16:00:00,19.4,85,0,43.5,8,25,"OakPark",240,0,NA,33.1,0
"210",2017-08-28 17:00:00,18.9,89,0,13.4,5,27,"OakPark",240,0,NA,32.5,0
"211",2017-08-28 18:00:00,17.7,93,0.2,3.5,6,29,"OakPark",240,0,NA,31.9,0
"212",2017-08-28 19:00:00,17.1,92,0,0.4,7,30,"OakPark",240,0,NA,31.3,0
"213",2017-08-28 20:00:00,15.1,95,0.1,0,7,31,"OakPark",240,0,NA,30.8,0
"214",2017-08-28 21:00:00,14.3,94,0,0,6,31,"OakPark",240,0,NA,30.2,0
"215",2017-08-28 22:00:00,14.1,94,0,0,4,34,"OakPark",240,0,NA,29.6,0
"216",2017-08-28 23:00:00,13.9,92,0,0,3,31,"OakPark",240,0,NA,29,0
"217",2017-08-29 00:00:00,13.7,91,0,0,4,34,"OakPark",241,0,NA,28.4,0
"218",2017-08-29 01:00:00,12.2,86,0,0,4,33,"OakPark",241,0,NA,27.8,0
"219",2017-08-29 02:00:00,12,88,0,0,3,33,"OakPark",241,0,NA,27.2,0
"220",2017-08-29 03:00:00,9.8,92,0,0,3,28,"OakPark",241,0,NA,26.7,0
"221",2017-08-29 04:00:00,10.1,93,0,0,0,29,"OakPark",241,0,NA,26.1,0
"222",2017-08-29 05:00:00,10.1,94,0,5,3,28,"OakPark",241,0,NA,25.5,0
"223",2017-08-29 06:00:00,9.6,96,0,25,2,27,"OakPark",241,0,NA,24.9,0
"224",2017-08-29 07:00:00,11.5,94,0,40.9,1,25,"OakPark",241,0,NA,24.3,0
"225",2017-08-29 08:00:00,12.2,85,0,51,7,27,"OakPark",241,0,NA,23.8,0
"226",2017-08-29 09:00:00,12.9,84,0,80.9,6,27,"OakPark",241,0,NA,23.2,0
"227",2017-08-29 10:00:00,13.9,75,0,77.5,4,28,"OakPark",241,0,NA,22.6,0
"228",2017-08-29 11:00:00,13.8,74,0,58.9,9,26,"OakPark",241,0,0,22,0
"229",2017-08-29 12:00:00,13.9,75,0,84.4,8,26,"OakPark",241,0,NA,21.7,0
"230",2017-08-29 13:00:00,14.5,73,0,106.7,7,27,"OakPark",241,0,NA,21.3,0
"231",2017-08-29 14:00:00,15,72,0,84.6,8,28,"OakPark",241,0,NA,21,0
"232",2017-08-29 15:00:00,15,68,0,104.7,9,25,"OakPark",241,0,NA,20.7,0
"233",2017-08-29 16:00:00,15.9,69,0.1,137.2,7,26,"OakPark",241,0,NA,20.3,0
"234",2017-08-29 17:00:00,16.6,57,0,51.7,11,29,"OakPark",241,0,NA,20,0
"235",2017-08-29 18:00:00,14.6,64,0,30.4,7,29,"OakPark",241,0,NA,19.7,0
"236",2017-08-29 19:00:00,13.4,71,0,1.3,3,30,"OakPark",241,0,NA,19.3,0
"237",2017-08-29 20:00:00,12,85,0,0,6,30,"OakPark",241,0,NA,19,0
"238",2017-08-29 21:00:00,10.7,89,0,0,2,15,"OakPark",241,0,NA,18.7,0
"239",2017-08-29 22:00:00,11.1,87,0,0,2,14,"OakPark",241,0,NA,18.3,0
"240",2017-08-29 23:00:00,10.7,87,0,0,4,26,"OakPark",241,0,NA,18,0
"241",2017-08-30 00:00:00,10.8,87,0,0,3,27,"OakPark",242,0,NA,17.7,0
"242",2017-08-30 01:00:00,10.8,88,0,0,1,32,"OakPark",242,0,NA,17.3,0
"243",2017-08-30 02:00:00,10.7,89,0,0,5,17,"OakPark",242,0,NA,17,0
"244",2017-08-30 03:00:00,9.7,91,0,0,3,17,"OakPark",242,0,NA,16.7,0
"245",2017-08-30 04:00:00,9.3,94,0,0,2,12,"OakPark",242,0,NA,16.3,0
"246",2017-08-30 05:00:00,9.2,94,0,0.6,2,17,"OakPark",242,0,NA,16,0
"247",2017-08-30 06:00:00,8.3,95,0,24.1,4,18,"OakPark",242,0,NA,15.7,0
"248",2017-08-30 07:00:00,10.3,95,0,88.6,2,14,"OakPark",242,0,NA,15.3,0
"249",2017-08-30 08:00:00,13,83,0,144.3,2,18,"OakPark",242,0,NA,15,0
"250",2017-08-30 09:00:00,14.4,79,0,205.9,5,25,"OakPark",242,0,NA,14.7,0
"251",2017-08-30 10:00:00,15.5,71,0,208.3,8,25,"OakPark",242,0,NA,14.3,0
"252",2017-08-30 11:00:00,16,66,0,267.4,8,26,"OakPark",242,0,0,14,0
"253",2017-08-30 12:00:00,17.6,57,0,160.9,9,24,"OakPark",242,0,NA,13.6,0
"254",2017-08-30 13:00:00,16.9,58,0,88.4,7,25,"OakPark",242,0,NA,13.2,0
"255",2017-08-30 14:00:00,16.9,65,0,142.7,11,28,"OakPark",242,0,NA,12.9,0
"256",2017-08-30 15:00:00,16.7,54,0,117.5,8,25,"OakPark",242,0,NA,12.5,0
"257",2017-08-30 16:00:00,16.4,62,0,58.3,8,25,"OakPark",242,0,NA,12.1,0
"258",2017-08-30 17:00:00,13.8,81,0,90.2,4,33,"OakPark",242,0,NA,11.8,0
"259",2017-08-30 18:00:00,16,72,0,21.4,5,27,"OakPark",242,0,NA,11.4,0
"260",2017-08-30 19:00:00,13.9,83,0,1.1,4,27,"OakPark",242,0,NA,11,0
"261",2017-08-30 20:00:00,12.3,90,0,0,1,27,"OakPark",242,0,NA,10.6,0
"262",2017-08-30 21:00:00,11.6,89,0,0,4,24,"OakPark",242,0,NA,10.2,0
"263",2017-08-30 22:00:00,11.1,85,0,0,5,25,"OakPark",242,0,NA,9.9,0
"264",2017-08-30 23:00:00,10.9,84,0,0,3,24,"OakPark",242,0,NA,9.5,0
"265",2017-08-31 00:00:00,11.1,87,0,0,4,27,"OakPark",243,0,NA,9.1,0
"266",2017-08-31 01:00:00,11.3,86,0,0,7,27,"OakPark",243,0,NA,8.8,0
"267",2017-08-31 02:00:00,10.8,88,0,0,7,27,"OakPark",243,0,NA,8.4,0
"268",2017-08-31 03:00:00,9.7,91,0,0,1,25,"OakPark",243,0,NA,8,0
"269",2017-08-31 04:00:00,8.9,95,0,0,1,26,"OakPark",243,0,NA,7.6,0
"270",2017-08-31 05:00:00,9.6,93,0,0.8,4,29,"OakPark",243,0,NA,7.2,0
"271",2017-08-31 06:00:00,9.5,94,0,16.9,1,14,"OakPark",243,0,NA,6.9,0
"272",2017-08-31 07:00:00,10,93,0,42.8,2,12,"OakPark",243,0,NA,6.5,0
"273",2017-08-31 08:00:00,11.3,88,0,74.1,1,15,"OakPark",243,0,NA,6.1,0
"274",2017-08-31 09:00:00,12.8,84,0,130.2,1,2,"OakPark",243,0,NA,5.8,0
"275",2017-08-31 10:00:00,13.9,76,0,136.1,4,30,"OakPark",243,0,NA,5.4,0
"276",2017-08-31 11:00:00,14.6,72,0,179.3,5,32,"OakPark",243,0,0,5,0
"277",2017-08-31 12:00:00,15.3,61,0,195.7,5,1,"OakPark",243,0,NA,5.7,0
"278",2017-08-31 13:00:00,16,59,0,255,6,29,"OakPark",243,0,NA,6.4,0
"279",2017-08-31 14:00:00,17.4,54,0,228.7,6,30,"OakPark",243,0,NA,7.1,0
"280",2017-08-31 15:00:00,16.5,56,0,165.8,8,33,"OakPark",243,0,NA,7.8,0
"281",2017-08-31 16:00:00,17.1,53,0,141.9,5,32,"OakPark",243,0,NA,8.5,0
"282",2017-08-31 17:00:00,16.8,59,0,43.2,7,27,"OakPark",243,0,NA,9.2,0
"283",2017-08-31 18:00:00,15.9,64,0.1,28.3,4,35,"OakPark",243,0,NA,10,0
"284",2017-08-31 19:00:00,14.8,69,0,1,3,30,"OakPark",243,0,NA,10.7,0
"285",2017-08-31 20:00:00,13,78,0,0,3,33,"OakPark",243,0,NA,11.4,0
"286",2017-08-31 21:00:00,10.6,90,0,0,1,5,"OakPark",243,0,NA,12.1,0
"287",2017-08-31 22:00:00,9.4,93,0,0,1,35,"OakPark",243,0,NA,12.8,0
"288",2017-08-31 23:00:00,8.9,96,0,0,0,2,"OakPark",243,0,NA,13.5,0
"289",2017-09-01 00:00:00,8.1,97,0,0,1,29,"OakPark",244,0,NA,14.2,0
"290",2017-09-01 01:00:00,7.3,97,0,0,0,4,"OakPark",244,0,NA,14.9,0
"291",2017-09-01 02:00:00,7.6,98,0,0,3,34,"OakPark",244,0,NA,15.6,0
"292",2017-09-01 03:00:00,7.4,98,0,0,3,1,"OakPark",244,0,NA,16.3,0
"293",2017-09-01 04:00:00,7,98,0,0,2,2,"OakPark",244,0,NA,17,0
"294",2017-09-01 05:00:00,6.7,98,0,1.1,3,1,"OakPark",244,0,NA,17.8,0
"295",2017-09-01 06:00:00,5.8,98,0,16.1,2,28,"OakPark",244,0,NA,18.5,0
"296",2017-09-01 07:00:00,8.6,99,0,49.8,2,35,"OakPark",244,0,NA,19.2,0
"297",2017-09-01 08:00:00,9.9,99,0,136.1,2,3,"OakPark",244,0,NA,19.9,0
"298",2017-09-01 09:00:00,12.6,96,0,164.4,4,36,"OakPark",244,0,NA,20.6,0
"299",2017-09-01 10:00:00,14,79,0,211.8,5,33,"OakPark",244,0,NA,21.3,0
"300",2017-09-01 11:00:00,15.8,67,0,222.3,6,36,"OakPark",244,0,2,22,0
"301",2017-09-01 12:00:00,17.3,62,0,253.8,6,29,"OakPark",244,0,NA,22.6,0
"302",2017-09-01 13:00:00,17.6,54,0,206.9,8,29,"OakPark",244,0,NA,23.2,0
"303",2017-09-01 14:00:00,17.8,58,0,171.8,7,30,"OakPark",244,0,NA,23.9,0
"304",2017-09-01 15:00:00,18,51,0,91.9,7,30,"OakPark",244,0,NA,24.5,0
"305",2017-09-01 16:00:00,17.3,55,0,72.5,7,32,"OakPark",244,0,NA,25.1,0
"306",2017-09-01 17:00:00,17,56,0,34.1,5,32,"OakPark",244,0,NA,25.8,0
"307",2017-09-01 18:00:00,16.7,60,0,12.2,3,33,"OakPark",244,0,NA,26.4,0
"308",2017-09-01 19:00:00,15.8,66,0,0.4,3,33,"OakPark",244,0,NA,27,0
"309",2017-09-01 20:00:00,14.6,76,0,0,2,25,"OakPark",244,0,NA,27.6,0
"310",2017-09-01 21:00:00,13.5,81,0,0,1,31,"OakPark",244,0,NA,28.2,0
"311",2017-09-01 22:00:00,11.4,88,0,0,0,27,"OakPark",244,0,NA,28.9,0
"312",2017-09-01 23:00:00,9.9,94,0,0,1,16,"OakPark",244,0,NA,29.5,0
"313",2017-09-02 00:00:00,9.1,96,0,0,1,10,"OakPark",245,0,NA,30.1,0
"314",2017-09-02 01:00:00,8.1,97,0,0,2,4,"OakPark",245,0,NA,30.8,0
"315",2017-09-02 02:00:00,7.3,97,0,0,1,34,"OakPark",245,0,NA,31.4,0
"316",2017-09-02 03:00:00,6.7,98,0,0,1,16,"OakPark",245,0,NA,32,0
"317",2017-09-02 04:00:00,6.5,98,0,0,1,17,"OakPark",245,0,NA,32.6,0
"318",2017-09-02 05:00:00,6.2,99,0,0.9,2,16,"OakPark",245,0,NA,33.2,0
"319",2017-09-02 06:00:00,6.2,98,0,22.8,2,12,"OakPark",245,0,NA,33.9,0
"320",2017-09-02 07:00:00,8.3,99,0,84.3,3,13,"OakPark",245,0,NA,34.5,0
"321",2017-09-02 08:00:00,11.4,97,0,136.5,6,17,"OakPark",245,0,NA,35.1,0
"322",2017-09-02 09:00:00,13.1,89,0,125.7,9,16,"OakPark",245,0,NA,35.8,0
"323",2017-09-02 10:00:00,14.7,76,0,151.7,7,20,"OakPark",245,0,NA,36.4,0
"324",2017-09-02 11:00:00,15.7,75,0,93.4,9,17,"OakPark",245,0,3,37,0
"325",2017-09-02 12:00:00,16.3,73,0,120.3,11,18,"OakPark",245,0,NA,37.6,0
"326",2017-09-02 13:00:00,16.9,67,0,95.4,14,18,"OakPark",245,0,NA,38.2,0
"327",2017-09-02 14:00:00,16.2,74,0,85.4,14,17,"OakPark",245,0,NA,38.9,0
"328",2017-09-02 15:00:00,16.3,73,0,79.1,15,17,"OakPark",245,0,NA,39.5,0
"329",2017-09-02 16:00:00,16.1,72,0,44.8,16,17,"OakPark",245,0,NA,40.1,0
"330",2017-09-02 17:00:00,15.6,77,0,15.5,16,15,"OakPark",245,0,NA,40.8,0
"331",2017-09-02 18:00:00,14.5,86,0.1,4.3,12,16,"OakPark",245,0,NA,41.4,0
"332",2017-09-02 19:00:00,14.1,90,0.7,0,11,16,"OakPark",245,0,NA,42,0
"333",2017-09-02 20:00:00,14.1,89,0.5,0,11,16,"OakPark",245,0,NA,42.6,0
"334",2017-09-02 21:00:00,13.7,88,0.4,0,18,16,"OakPark",245,0,NA,43.2,0
"335",2017-09-02 22:00:00,13.5,92,0.4,0,13,16,"OakPark",245,0,NA,43.9,0
"336",2017-09-02 23:00:00,14,92,1.5,0,13,15,"OakPark",245,0,NA,44.5,0
"337",2017-09-03 00:00:00,14.2,92,1.7,0,13,16,"OakPark",246,0,NA,45.1,0
"338",2017-09-03 01:00:00,14.2,94,2.2,0,10,16,"OakPark",246,0,NA,45.8,0
"339",2017-09-03 02:00:00,14.2,96,6.1,0,10,15,"OakPark",246,0,NA,46.4,0
"340",2017-09-03 03:00:00,14.4,96,0.9,0,8,15,"OakPark",246,0,NA,47,0
"341",2017-09-03 04:00:00,14.6,96,0.1,0,7,15,"OakPark",246,0,NA,47.6,1
"342",2017-09-03 05:00:00,15,96,0.3,0,6,13,"OakPark",246,0,NA,48.2,2
"343",2017-09-03 06:00:00,15.2,97,1,4.4,5,14,"OakPark",246,0,NA,48.9,3
"344",2017-09-03 07:00:00,15.5,98,0.3,17.2,6,12,"OakPark",246,0,NA,49.5,4
"345",2017-09-03 08:00:00,16,98,0.1,38.8,4,13,"OakPark",246,0,NA,50.1,5
"346",2017-09-03 09:00:00,16.8,98,0.1,77.1,3,15,"OakPark",246,1,NA,50.8,6
"347",2017-09-03 10:00:00,17.8,95,0,81.4,3,12,"OakPark",246,2,NA,51.4,7
"348",2017-09-03 11:00:00,18.6,91,0,124.1,3,16,"OakPark",246,3,17,52,8
"349",2017-09-03 12:00:00,20.1,87,0,108.8,4,16,"OakPark",246,0,NA,51.9,0
"350",2017-09-03 13:00:00,20,88,0.1,123.6,3,14,"OakPark",246,0,NA,51.8,0
"351",2017-09-03 14:00:00,20.5,89,0.1,81.7,2,36,"OakPark",246,0,NA,51.8,9
"352",2017-09-03 15:00:00,20.5,90,0,91.9,2,34,"OakPark",246,4,NA,51.7,10
"353",2017-09-03 16:00:00,21.8,81,0,117.3,2,7,"OakPark",246,0,NA,51.6,0
"354",2017-09-03 17:00:00,23.1,71,0,46.5,1,6,"OakPark",246,0,NA,51.5,0
"355",2017-09-03 18:00:00,21.5,84,0,10.1,3,10,"OakPark",246,0,NA,51.4,0
"356",2017-09-03 19:00:00,19,94,0.4,0.1,5,13,"OakPark",246,5,NA,51.3,11
"357",2017-09-03 20:00:00,18.3,96,0.1,0,5,13,"OakPark",246,6,NA,51.2,12
"358",2017-09-03 21:00:00,18,96,0,0,3,13,"OakPark",246,7,NA,51.2,13
"359",2017-09-03 22:00:00,17.7,97,0,0,4,13,"OakPark",246,8,NA,51.1,14
"360",2017-09-03 23:00:00,17.5,98,0,0,4,15,"OakPark",246,9,NA,51,15
"361",2017-09-04 00:00:00,17,98,0,0,4,14,"OakPark",247,10,NA,50.9,16
"362",2017-09-04 01:00:00,16.7,98,0,0,4,16,"OakPark",247,11,NA,50.8,17
"363",2017-09-04 02:00:00,16.7,98,0,0,3,17,"OakPark",247,12,NA,50.8,18
"364",2017-09-04 03:00:00,16.1,98,0,0,7,17,"OakPark",247,13,NA,50.7,19
"365",2017-09-04 04:00:00,15.8,99,0,0,6,18,"OakPark",247,14,NA,50.6,20
"366",2017-09-04 05:00:00,16.1,99,0,0.4,6,16,"OakPark",247,15,NA,50.5,21
"367",2017-09-04 06:00:00,16.2,99,0,14.8,5,19,"OakPark",247,16,NA,50.4,22
"368",2017-09-04 07:00:00,16.7,99,0,24.9,6,19,"OakPark",247,17,NA,50.3,23
"369",2017-09-04 08:00:00,17,99,0,35,6,21,"OakPark",247,18,NA,50.2,24
"370",2017-09-04 09:00:00,17.8,88,0,69.3,6,26,"OakPark",247,0,NA,50.2,25
"371",2017-09-04 10:00:00,18.5,87,0,68,6,21,"OakPark",247,0,NA,50.1,0
"372",2017-09-04 11:00:00,18.7,88,0.1,121,8,22,"OakPark",247,0,15,50,0
"373",2017-09-04 12:00:00,18.9,84,0,25.8,10,23,"OakPark",247,0,NA,49.9,0
"374",2017-09-04 13:00:00,18,87,0,34.8,9,22,"OakPark",247,0,NA,49.8,0
"375",2017-09-04 14:00:00,18.3,88,0,33.8,7,21,"OakPark",247,0,NA,49.6,26
"376",2017-09-04 15:00:00,18.7,84,0,33.7,8,23,"OakPark",247,0,NA,49.5,0
"377",2017-09-04 16:00:00,18.5,86,0,20.8,8,19,"OakPark",247,0,NA,49.4,0
"378",2017-09-04 17:00:00,17.5,85,0,9,11,27,"OakPark",247,0,NA,49.2,0
"379",2017-09-04 18:00:00,17.3,85,0,2.9,7,27,"OakPark",247,0,NA,49.1,0
"380",2017-09-04 19:00:00,17,83,0,0,2,28,"OakPark",247,0,NA,49,0
"381",2017-09-04 20:00:00,16.1,88,0,0,2,6,"OakPark",247,0,NA,48.9,27
"382",2017-09-04 21:00:00,15.2,93,0.3,0,4,9,"OakPark",247,0,NA,48.8,28
"383",2017-09-04 22:00:00,15,94,0.7,0,4,21,"OakPark",247,0,NA,48.6,29
"384",2017-09-04 23:00:00,14.6,96,2,0,3,23,"OakPark",247,0,NA,48.5,30
"385",2017-09-05 00:00:00,13.9,93,1.7,0,1,22,"OakPark",248,0,NA,48.4,31
"386",2017-09-05 01:00:00,12.6,94,2.1,0,5,15,"OakPark",248,0,NA,48.2,32
"387",2017-09-05 02:00:00,12.4,97,0.8,0,6,18,"OakPark",248,0,NA,48.1,33
"388",2017-09-05 03:00:00,12.2,97,2.4,0,4,19,"OakPark",248,0,NA,48,34
"389",2017-09-05 04:00:00,11.4,96,0.8,0,4,28,"OakPark",248,0,NA,47.9,35
"390",2017-09-05 05:00:00,11.2,96,0.5,0.1,0,35,"OakPark",248,0,NA,47.8,36
"391",2017-09-05 06:00:00,11.2,98,0.7,6.6,2,14,"OakPark",248,0,NA,47.6,37
"392",2017-09-05 07:00:00,11.6,98,0.3,19.2,3,16,"OakPark",248,0,NA,47.5,38
"393",2017-09-05 08:00:00,12.2,97,0.3,70.6,4,19,"OakPark",248,1,NA,47.4,39
"394",2017-09-05 09:00:00,13.5,93,0,59.9,2,20,"OakPark",248,2,NA,47.2,40
"395",2017-09-05 10:00:00,14.8,88,0,70.5,5,27,"OakPark",248,0,NA,47.1,41
"396",2017-09-05 11:00:00,15.8,79,0,198.1,7,28,"OakPark",248,0,15,47,0
"397",2017-09-05 12:00:00,17.4,69,0,201.4,12,28,"OakPark",248,0,NA,46.8,0
"398",2017-09-05 13:00:00,17.6,59,0,217,10,29,"OakPark",248,0,NA,46.7,0
"399",2017-09-05 14:00:00,17.6,54,0,153.4,12,28,"OakPark",248,0,NA,46.5,0
"400",2017-09-05 15:00:00,17.1,62,0,90.2,13,27,"OakPark",248,0,NA,46.3,0
"401",2017-09-05 16:00:00,17.2,61,0,57.6,15,27,"OakPark",248,0,NA,46.2,0
"402",2017-09-05 17:00:00,15.6,70,0,47.5,11,27,"OakPark",248,0,NA,46,0
"403",2017-09-05 18:00:00,15.6,68,0,12.6,9,25,"OakPark",248,0,NA,45.8,0
"404",2017-09-05 19:00:00,14.3,74,0,0.2,11,24,"OakPark",248,0,NA,45.7,0
"405",2017-09-05 20:00:00,14.1,75,0,0,8,23,"OakPark",248,0,NA,45.5,0
"406",2017-09-05 21:00:00,13.2,80,0,0,8,22,"OakPark",248,0,NA,45.3,0
"407",2017-09-05 22:00:00,13.6,80,0,0,9,23,"OakPark",248,0,NA,45.2,0
"408",2017-09-05 23:00:00,13.1,84,0,0,9,22,"OakPark",248,0,NA,45,0
"409",2017-09-06 00:00:00,12.8,87,0,0,4,22,"OakPark",249,0,NA,44.8,0
"410",2017-09-06 01:00:00,12.1,90,0,0,5,22,"OakPark",249,0,NA,44.7,0
"411",2017-09-06 02:00:00,12.6,85,0,0,6,25,"OakPark",249,0,NA,44.5,0
"412",2017-09-06 03:00:00,12.1,88,0,0,6,24,"OakPark",249,0,NA,44.3,0
"413",2017-09-06 04:00:00,11.7,90,0,0,8,23,"OakPark",249,0,NA,44.2,0
"414",2017-09-06 05:00:00,11.7,89,0,0.2,8,25,"OakPark",249,0,NA,44,0
"415",2017-09-06 06:00:00,13,79,0,0,7,266,"OakPark",249,0,NA,43.8,0
"416",2017-09-06 07:00:00,13,78,0,13,7,264,"OakPark",249,0,NA,43.7,0
"417",2017-09-06 08:00:00,14,75,0,53,7,264,"OakPark",249,0,NA,43.5,0
"418",2017-09-06 09:00:00,14,68,0,77,9,283,"OakPark",249,0,NA,43.3,0
"419",2017-09-06 10:00:00,14,64,0,101,11,293,"OakPark",249,0,NA,43.2,0
"420",2017-09-06 11:00:00,15,60,0,137,10,293,"OakPark",249,0,0,43,0
"421",2017-09-06 12:00:00,16,57,0,152,10,290,"OakPark",249,0,NA,42.4,0
"422",2017-09-06 13:00:00,16,57,0,168,9,287,"OakPark",249,0,NA,41.8,0
"423",2017-09-06 14:00:00,17,56,0,160,10,288,"OakPark",249,0,NA,41.1,0
"424",2017-09-06 15:00:00,17,55,0,139,9,286,"OakPark",249,0,NA,40.5,0
"425",2017-09-06 16:00:00,17,54,0,122,7,275,"OakPark",249,0,NA,39.9,0
"426",2017-09-06 17:00:00,17,58,0,86,6,265,"OakPark",249,0,NA,39.2,0
"427",2017-09-06 18:00:00,16,63,0,54,5,260,"OakPark",249,0,NA,38.6,0
"428",2017-09-06 19:00:00,14,67,0,13,5,259,"OakPark",249,0,NA,38,0
"429",2017-09-06 20:00:00,14,69,0,0,4,255,"OakPark",249,0,NA,37.4,0
"430",2017-09-06 21:00:00,13,75,0,0,4,233,"OakPark",249,0,NA,36.8,0
"431",2017-09-06 22:00:00,13,77,0,0,6,239,"OakPark",249,0,NA,36.1,0
"432",2017-09-06 23:00:00,12,83,0,0,6,232,"OakPark",249,0,NA,35.5,0
"433",2017-09-07 00:00:00,12,89,0,0,7,241,"OakPark",250,0,NA,34.9,0
"434",2017-09-07 01:00:00,12,92,0,0,6,240,"OakPark",250,0,NA,34.2,0
"435",2017-09-07 02:00:00,12,93,0,0,6,234,"OakPark",250,0,NA,33.6,0
"436",2017-09-07 03:00:00,12,89,0,0,7,235,"OakPark",250,0,NA,33,0
"437",2017-09-07 04:00:00,12,91,0,0,7,230,"OakPark",250,0,NA,32.4,0
"438",2017-09-07 05:00:00,12,91,0,0,8,230,"OakPark",250,0,NA,31.8,0
"439",2017-09-07 06:00:00,12,92,0,0,7,222,"OakPark",250,0,NA,31.1,0
"440",2017-09-07 07:00:00,12,89,0,9,8,221,"OakPark",250,0,NA,30.5,0
"441",2017-09-07 08:00:00,13,87,0,14,8,212,"OakPark",250,0,NA,29.9,0
"442",2017-09-07 09:00:00,14,83,0,42,9,221,"OakPark",250,0,NA,29.2,0
"443",2017-09-07 10:00:00,14,87,0.1,17,8,218,"OakPark",250,0,NA,28.6,0
"444",2017-09-07 11:00:00,15,81,0,58,12,248,"OakPark",250,0,0,28,0
"445",2017-09-07 12:00:00,15,81,0.1,47,12,248,"OakPark",250,0,NA,27.4,0
"446",2017-09-07 13:00:00,16,80,0.1,45,11,250,"OakPark",250,0,NA,26.8,0
"447",2017-09-07 14:00:00,16,80,0,36,10,245,"OakPark",250,0,NA,26.1,0
"448",2017-09-07 15:00:00,15,80,0,36,10,253,"OakPark",250,0,NA,25.5,0
"449",2017-09-07 16:00:00,15,80,0,51,10,253,"OakPark",250,0,NA,24.9,0
"450",2017-09-07 17:00:00,15,81,0,23,10,247,"OakPark",250,0,NA,24.2,0
"451",2017-09-07 18:00:00,15,79,0,5,10,243,"OakPark",250,0,NA,23.6,0
"452",2017-09-07 19:00:00,15,80,0,2,11,242,"OakPark",250,0,NA,23,0
"453",2017-09-07 20:00:00,14,84,0,0,10,247,"OakPark",250,0,NA,22.4,0
"454",2017-09-07 21:00:00,14,87,0,0,10,251,"OakPark",250,0,NA,21.8,0
"455",2017-09-07 22:00:00,14,88,0,0,9,253,"OakPark",250,0,NA,21.1,0
"456",2017-09-07 23:00:00,14,90,0,0,8,250,"OakPark",250,0,NA,20.5,0
"457",2017-09-08 00:00:00,13,89,0,0,8,250,"OakPark",251,0,NA,19.9,0
"458",2017-09-08 01:00:00,13,90,0,0,7,239,"OakPark",251,0,NA,19.2,0
"459",2017-09-08 02:00:00,13,91,0,0,8,239,"OakPark",251,0,NA,18.6,0
"460",2017-09-08 03:00:00,13,90,0.1,0,8,232,"OakPark",251,0,NA,18,0
"461",2017-09-08 04:00:00,12,94,0.7,0,8,228,"OakPark",251,0,NA,17.4,0
"462",2017-09-08 05:00:00,12,97,0.5,0,6,225,"OakPark",251,0,NA,16.8,0
"463",2017-09-08 06:00:00,12,97,0,0,6,237,"OakPark",251,0,NA,16.1,0
"464",2017-09-08 07:00:00,12,97,0.1,7,6,248,"OakPark",251,0,NA,15.5,1
"465",2017-09-08 08:00:00,13,96,0,19,5,255,"OakPark",251,0,NA,14.9,2
"466",2017-09-08 09:00:00,13,94,0,33,5,249,"OakPark",251,0,NA,14.2,3
"467",2017-09-08 10:00:00,14,89,0.1,102,6,252,"OakPark",251,0,NA,13.6,4
"468",2017-09-08 11:00:00,15,85,0.1,121,6,259,"OakPark",251,0,13,13,0
"469",2017-09-08 12:00:00,15,88,0.3,102,6,248,"OakPark",251,0,NA,13,0
"470",2017-09-08 13:00:00,15,90,2,98,6,240,"OakPark",251,0,NA,13,5
"471",2017-09-08 14:00:00,14,76,5.6,93,10,275,"OakPark",251,0,NA,13,0
"472",2017-09-08 15:00:00,12,86,0.7,30,6,297,"OakPark",251,0,NA,13,0
"473",2017-09-08 16:00:00,14,74,0.1,151,10,312,"OakPark",251,0,NA,13,0
"474",2017-09-08 17:00:00,14,72,0.1,76,9,307,"OakPark",251,0,NA,13,0
"475",2017-09-08 18:00:00,13,75,0,41,10,296,"OakPark",251,0,NA,13,0
"476",2017-09-08 19:00:00,12,75,0,8,9,299,"OakPark",251,0,NA,13,0
"477",2017-09-08 20:00:00,12,77,0,0,9,295,"OakPark",251,0,NA,13,0
"478",2017-09-08 21:00:00,12,75,0,0,8,287,"OakPark",251,0,NA,13,0
"479",2017-09-08 22:00:00,11,75,0,0,9,280,"OakPark",251,0,NA,13,0
"480",2017-09-08 23:00:00,10,80,0,0,9,278,"OakPark",251,0,NA,13,0
"481",2017-09-09 00:00:00,10,84,0,0,9,277,"OakPark",252,0,NA,13,0
"482",2017-09-09 01:00:00,10,84,0,0,9,280,"OakPark",252,0,NA,13,0
"483",2017-09-09 02:00:00,10,82,0,0,10,282,"OakPark",252,0,NA,13,0
"484",2017-09-09 03:00:00,10,81,0,0,10,286,"OakPark",252,0,NA,13,0
"485",2017-09-09 04:00:00,10,81,0,0,10,287,"OakPark",252,0,NA,13,0
"486",2017-09-09 05:00:00,9,83,0,0,10,286,"OakPark",252,0,NA,13,0
"487",2017-09-09 06:00:00,9,85,0,0,10,280,"OakPark",252,0,NA,13,0
"488",2017-09-09 07:00:00,10,83,0,18,10,271,"OakPark",252,0,NA,13,0
"489",2017-09-09 08:00:00,11,80,0,45,10,264,"OakPark",252,0,NA,13,0
"490",2017-09-09 09:00:00,12,77,0,62,11,273,"OakPark",252,0,NA,13,0
"491",2017-09-09 10:00:00,14,69,0,111,15,296,"OakPark",252,0,NA,13,0
"492",2017-09-09 11:00:00,15,65,0.1,161,15,306,"OakPark",252,0,0,13,0
"493",2017-09-09 12:00:00,16,64,0.2,159,14,307,"OakPark",252,0,NA,13,0
"494",2017-09-09 13:00:00,16,64,0.1,165,13,311,"OakPark",252,0,NA,13,0
"495",2017-09-09 14:00:00,16,59,0,171,13,312,"OakPark",252,0,NA,13,0
"496",2017-09-09 15:00:00,16,64,0.4,144,13,306,"OakPark",252,0,NA,13,0
"497",2017-09-09 16:00:00,16,64,0.1,106,12,305,"OakPark",252,0,NA,13,0
"498",2017-09-09 17:00:00,15,69,0,58,11,302,"OakPark",252,0,NA,13,0
"499",2017-09-09 18:00:00,14,73,0,36,9,298,"OakPark",252,0,NA,13,0
"500",2017-09-09 19:00:00,13.5,75,0,24.3,8,290,"OakPark",252,0,NA,13,0
"501",2017-09-09 20:00:00,13.3,77,0,15.6,8,280,"OakPark",252,0,NA,13,0
"502",2017-09-09 21:00:00,13,79,0,9,8,270,"OakPark",252,0,NA,13,0
"503",2017-09-09 22:00:00,12.4,83,0,4.1,8,261,"OakPark",252,0,NA,13,0
"504",2017-09-09 23:00:00,11.7,87,0,1,8,252,"OakPark",252,0,NA,13,0
"505",2017-09-10 00:00:00,11,90,0,0,7,240,"OakPark",253,0,NA,13,0
"506",2017-09-10 01:00:00,10.5,90,0,1.1,6,224,"OakPark",253,0,NA,13,0
"507",2017-09-10 02:00:00,10.1,89,0,1.9,6,207,"OakPark",253,0,NA,13,0
"508",2017-09-10 03:00:00,10,87,0,0,7,195,"OakPark",253,0,NA,13,0
"509",2017-09-10 04:00:00,10,86,0,0,9,191,"OakPark",253,0,NA,13,0
"510",2017-09-10 05:00:00,10.3,87,0,0,11,193,"OakPark",253,0,NA,13,0
"511",2017-09-10 06:00:00,11,88,1.4,0,12,200,"OakPark",253,0,NA,13,0
"512",2017-09-10 07:00:00,12,90,0,25.8,12,210,"OakPark",253,0,NA,13,0
"513",2017-09-10 08:00:00,13.2,91,0,66.9,11,221,"OakPark",253,0,NA,13,0
"514",2017-09-10 09:00:00,14,90,0.3,119,10,235,"OakPark",253,0,NA,13,0
"515",2017-09-10 10:00:00,14.3,86,0,177.9,11,250,"OakPark",253,0,NA,13,0
"516",2017-09-10 11:00:00,14.1,79,0,240.1,12,262,"OakPark",253,0,0,13,0
"517",2017-09-10 12:00:00,14,73,0.6,302,14,270,"OakPark",253,0,NA,12.5,0
"518",2017-09-10 13:00:00,14,69,0,358.1,16,271,"OakPark",253,0,NA,11.9,0
"519",2017-09-10 14:00:00,14.1,66,0,394.5,16,266,"OakPark",253,0,NA,11.4,0
"520",2017-09-10 15:00:00,14,67,0.2,395,15,260,"OakPark",253,0,NA,10.8,0
"521",2017-09-10 16:00:00,13.5,70,0,349.8,12,255,"OakPark",253,0,NA,10.3,0
"522",2017-09-10 17:00:00,12.7,75,0,273.3,9,255,"OakPark",253,0,NA,9.8,0
"523",2017-09-10 18:00:00,12,80,0.4,186,6,260,"OakPark",253,0,NA,9.2,0
"524",2017-09-10 19:00:00,11.5,84,0,106.2,5,272,"OakPark",253,0,NA,8.7,0
"525",2017-09-10 20:00:00,11.2,86,0,43.2,6,286,"OakPark",253,0,NA,8.1,0
"526",2017-09-10 21:00:00,11,88,0.1,4,8,295,"OakPark",253,0,NA,7.6,0
"527",2017-09-10 22:00:00,10.9,89,0,0,9,295,"OakPark",253,0,NA,7,0
"528",2017-09-10 23:00:00,11,89,0,0,10,290,"OakPark",253,0,NA,6.5,0
"529",2017-09-11 00:00:00,11,89,0,0,11,285,"OakPark",254,0,NA,6,0
"530",2017-09-11 01:00:00,11,89,0,0,12,284,"OakPark",254,0,NA,5.4,0
"531",2017-09-11 02:00:00,11.1,88,0,0,12,287,"OakPark",254,0,NA,4.9,0
"532",2017-09-11 03:00:00,11.2,88,0,0,12,292,"OakPark",254,0,NA,4.3,0
"533",2017-09-11 04:00:00,11.4,86,0,0,13,299,"OakPark",254,0,NA,3.8,0
"534",2017-09-11 05:00:00,11.6,85,0,0,13,305,"OakPark",254,0,NA,3.2,0
"535",2017-09-11 06:00:00,12,82,0.2,0,13,310,"OakPark",254,0,NA,2.7,0
"536",2017-09-11 07:00:00,12.5,79,0,58.6,13,313,"OakPark",254,0,NA,2.2,0
"537",2017-09-11 08:00:00,13.1,75,0,139.1,13,313,"OakPark",254,0,NA,1.6,0
"538",2017-09-11 09:00:00,13.7,71,0,233.9,14,312,"OakPark",254,0,NA,1.1,0
"539",2017-09-11 10:00:00,14.3,67,0,335.2,14,310,"OakPark",254,0,NA,0.5,0
"540",2017-09-11 11:00:00,14.7,64,0,435.1,14,307,"OakPark",254,0,0,0,0
"541",2017-09-11 12:00:00,15,62,0.3,526,14,305,"OakPark",254,0,NA,0,0
"542",2017-09-11 13:00:00,15,61,0,600.8,14,304,"OakPark",254,0,NA,0,0
"543",2017-09-11 14:00:00,14.9,62,0,656.3,14,303,"OakPark",254,0,NA,0,0
"544",2017-09-11 15:00:00,14.5,63,0,689.6,13,302,"OakPark",254,0,NA,0,0
"545",2017-09-11 16:00:00,14.1,65,0,698.4,13,302,"OakPark",254,0,NA,0,0
"546",2017-09-11 17:00:00,13.5,67,0,680.1,13,301,"OakPark",254,0,NA,0,0
"547",2017-09-11 18:00:00,13,69,0.3,632,12,300,"OakPark",254,0,NA,0,0
"548",2017-09-11 19:00:00,12.5,71,0,553.6,11,298,"OakPark",254,0,NA,0,0
"549",2017-09-11 20:00:00,12,72,0,452.4,11,295,"OakPark",254,0,NA,0,0
"550",2017-09-11 21:00:00,11.5,74,0,337.6,10,293,"OakPark",254,0,NA,0,0
"551",2017-09-11 22:00:00,11,75,0,218.9,9,290,"OakPark",254,0,NA,0,0
"552",2017-09-11 23:00:00,10.5,77,0,105.5,9,287,"OakPark",254,0,NA,0,0
"553",2017-09-12 00:00:00,10,80,0,7,8,285,"OakPark",255,0,NA,0,0
"554",2017-09-12 01:00:00,9.5,83,0,0,8,284,"OakPark",255,0,NA,0,0
"555",2017-09-12 02:00:00,9.1,86,0,0,7,283,"OakPark",255,0,NA,0,0
"556",2017-09-12 03:00:00,8.7,89,0,0,7,282,"OakPark",255,0,NA,0,0
"557",2017-09-12 04:00:00,8.6,91,0,0,7,282,"OakPark",255,0,NA,0,0
"558",2017-09-12 05:00:00,8.6,90,0,0,7,281,"OakPark",255,0,NA,0,0
"559",2017-09-12 06:00:00,9,88,0,0,7,280,"OakPark",255,0,NA,0,0
"560",2017-09-12 07:00:00,9.7,83,0,116.2,7,278,"OakPark",255,0,NA,0,0
"561",2017-09-12 08:00:00,10.6,76,0,254.7,7,276,"OakPark",255,0,NA,0,0
"562",2017-09-12 09:00:00,11.6,69,0,399.1,8,272,"OakPark",255,0,NA,0,0
"563",2017-09-12 10:00:00,12.5,62,0,533.4,8,267,"OakPark",255,0,NA,0,0
"564",2017-09-12 11:00:00,13.4,56,0,641.5,8,260,"OakPark",255,0,0,0,0
"565",2017-09-12 12:00:00,14,54,0,707,8,250,"OakPark",255,0,NA,0.5,0
"566",2017-09-12 13:00:00,14.3,55,0,718.7,8,238,"OakPark",255,0,NA,1,0
"567",2017-09-12 14:00:00,14.3,59,0,684.1,8,224,"OakPark",255,0,NA,1.5,0
"568",2017-09-12 15:00:00,14,65,0,615.8,8,211,"OakPark",255,0,NA,2,0
"569",2017-09-12 16:00:00,13.7,71,0,526,8,199,"OakPark",255,0,NA,2.5,0
"570",2017-09-12 17:00:00,13.3,77,0,427.3,8,190,"OakPark",255,0,NA,3,0
"571",2017-09-12 18:00:00,13,81,0.1,332,9,185,"OakPark",255,0,NA,3.5,0
"572",2017-09-12 19:00:00,12.8,83,0,250.1,10,185,"OakPark",255,0,NA,4,0
"573",2017-09-12 20:00:00,12.7,83,0,181.8,12,190,"OakPark",255,0,NA,4.5,0
"574",2017-09-12 21:00:00,12.6,82,0,125.1,13,197,"OakPark",255,0,NA,5,0
"575",2017-09-12 22:00:00,12.4,80,0,77.6,15,207,"OakPark",255,0,NA,5.5,0
"576",2017-09-12 23:00:00,12.3,78,0,37.3,16,216,"OakPark",255,0,NA,6,0
"577",2017-09-13 00:00:00,12,76,1.5,2,17,225,"OakPark",256,0,NA,6.5,0
"578",2017-09-13 01:00:00,11.6,76,0,0,17,232,"OakPark",256,0,NA,7,0
"579",2017-09-13 02:00:00,11.1,76,0,0,18,237,"OakPark",256,0,NA,7.5,0
"580",2017-09-13 03:00:00,10.6,76,0,0,17,241,"OakPark",256,0,NA,8,0
"581",2017-09-13 04:00:00,10.2,77,0,0,17,244,"OakPark",256,0,NA,8.5,0
"582",2017-09-13 05:00:00,10,77,0,0,16,247,"OakPark",256,0,NA,9,0
"583",2017-09-13 06:00:00,10,76,0,0,16,250,"OakPark",256,0,NA,9.5,0
"584",2017-09-13 07:00:00,10.3,74,0,70.2,16,254,"OakPark",256,0,NA,10,0
"585",2017-09-13 08:00:00,10.9,71,0,160.1,15,258,"OakPark",256,0,NA,10.5,0
"586",2017-09-13 09:00:00,11.5,67,0,261.8,15,262,"OakPark",256,0,NA,11,0
"587",2017-09-13 10:00:00,12.1,64,0,367.5,15,266,"OakPark",256,0,NA,11.5,0
"588",2017-09-13 11:00:00,12.7,62,0,469.2,15,271,"OakPark",256,0,0,12,0
"589",2017-09-13 12:00:00,13,61,0.1,559,15,275,"OakPark",256,0,NA,12,0
"590",2017-09-13 13:00:00,13,62,0,630.1,15,279,"OakPark",256,0,NA,12,0
"591",2017-09-13 14:00:00,12.8,65,0,679.5,15,282,"OakPark",256,0,NA,12,0
"592",2017-09-13 15:00:00,12.4,68,0,705.4,14,285,"OakPark",256,0,NA,12,0
"593",2017-09-13 16:00:00,11.9,72,0,705.9,14,288,"OakPark",256,0,NA,12,0
"594",2017-09-13 17:00:00,11.4,75,0,679,13,289,"OakPark",256,0,NA,12,0
"595",2017-09-13 18:00:00,11,78,1.4,623,13,290,"OakPark",256,0,NA,12,0
"596",2017-09-13 19:00:00,10.7,80,0,537.9,13,290,"OakPark",256,0,NA,12,0
"597",2017-09-13 20:00:00,10.6,80,0,432,12,289,"OakPark",256,0,NA,12,0
"598",2017-09-13 21:00:00,10.5,80,0,315.4,12,288,"OakPark",256,0,NA,12,0
"599",2017-09-13 22:00:00,10.4,80,0,198.4,11,287,"OakPark",256,0,NA,12,0
"600",2017-09-13 23:00:00,10.2,80,0,91.2,11,286,"OakPark",256,0,NA,12,0
"601",2017-09-14 00:00:00,10,81,0,4,11,285,"OakPark",257,0,NA,12,0
"602",2017-09-14 01:00:00,9.6,82,0,0,11,285,"OakPark",257,0,NA,12,0
"603",2017-09-14 02:00:00,9.2,84,0,0,11,285,"OakPark",257,0,NA,12,0
"604",2017-09-14 03:00:00,8.9,86,0,0,11,286,"OakPark",257,0,NA,12,0
"605",2017-09-14 04:00:00,8.7,87,0,0,11,288,"OakPark",257,0,NA,12,0
"606",2017-09-14 05:00:00,8.7,88,0,0,11,291,"OakPark",257,0,NA,12,0
"607",2017-09-14 06:00:00,9,87,0,0,11,295,"OakPark",257,0,NA,12,0
"608",2017-09-14 07:00:00,9.7,85,0,60.8,11,301,"OakPark",257,0,NA,12,0
"609",2017-09-14 08:00:00,10.7,81,0,132.1,11,307,"OakPark",257,0,NA,12,0
"610",2017-09-14 09:00:00,11.9,77,0,211.6,11,313,"OakPark",257,0,NA,12,0
"611",2017-09-14 10:00:00,13.1,73,0,297.2,11,319,"OakPark",257,0,NA,12,0
"612",2017-09-14 11:00:00,14.2,68,0,386.7,11,323,"OakPark",257,0,0,12,0
"613",2017-09-14 12:00:00,15,65,0,478,10,325,"OakPark",257,0,NA,12,0
"614",2017-09-14 13:00:00,15.5,63,0,567.8,9,324,"OakPark",257,0,NA,12,0
"615",2017-09-14 14:00:00,15.7,61,0,648.8,8,321,"OakPark",257,0,NA,12,0
"616",2017-09-14 15:00:00,15.5,61,0,712.6,7,316,"OakPark",257,0,NA,12,0
"617",2017-09-14 16:00:00,15.2,62,0,751,6,309,"OakPark",257,0,NA,12,0
"618",2017-09-14 17:00:00,14.7,64,0,755.6,5,300,"OakPark",257,0,NA,12,0
"619",2017-09-14 18:00:00,14,66,0.1,718,5,290,"OakPark",257,0,NA,12,0
"620",2017-09-14 19:00:00,13.3,69,0,633.9,5,279,"OakPark",257,0,NA,12,0
"621",2017-09-14 20:00:00,12.5,73,0,515.1,5,267,"OakPark",257,0,NA,12,0
"622",2017-09-14 21:00:00,11.7,76,0,377.1,6,256,"OakPark",257,0,NA,12,0
"623",2017-09-14 22:00:00,11,79,0,235.6,6,246,"OakPark",257,0,NA,12,0
"624",2017-09-14 23:00:00,10.4,81,0,106.3,7,237,"OakPark",257,0,NA,12,0
"625",2017-09-15 00:00:00,10,82,0,5,8,230,"OakPark",258,0,NA,12,0
"626",2017-09-15 01:00:00,9.8,81,0,0,9,226,"OakPark",258,0,NA,12,0
"627",2017-09-15 02:00:00,9.8,80,0,0,9,224,"OakPark",258,0,NA,12,0
"628",2017-09-15 03:00:00,9.9,77,0,0,10,224,"OakPark",258,0,NA,12,0
"629",2017-09-15 04:00:00,10.2,75,0,0,11,226,"OakPark",258,0,NA,12,0
"630",2017-09-15 05:00:00,10.6,74,0,0,11,228,"OakPark",258,0,NA,12,0
"631",2017-09-15 06:00:00,11,73,0.4,0,12,230,"OakPark",258,0,NA,12,0
"632",2017-09-15 07:00:00,11.5,74,0,28.3,13,232,"OakPark",258,0,NA,12,0
"633",2017-09-15 08:00:00,12,76,0,51.5,13,234,"OakPark",258,0,NA,12,0
"634",2017-09-15 09:00:00,12.5,79,0,70.1,14,236,"OakPark",258,0,NA,12,0
"635",2017-09-15 10:00:00,13.1,82,0,85,15,237,"OakPark",258,0,NA,12,0
"636",2017-09-15 11:00:00,13.6,86,0,96.7,15,239,"OakPark",258,0,12,12,0
"637",2017-09-15 12:00:00,14,89,1.9,106,15,240,"OakPark",258,0,NA,12,0
"638",2017-09-15 13:00:00,14.4,91,0,113.3,15,241,"OakPark",258,0,NA,12,0
"639",2017-09-15 14:00:00,14.7,93,0,118.6,14,243,"OakPark",258,0,NA,12,0
"640",2017-09-15 15:00:00,14.9,94,0,121.5,14,244,"OakPark",258,0,NA,12,0
"641",2017-09-15 16:00:00,15,95,0,121.7,13,246,"OakPark",258,0,NA,12,0
"642",2017-09-15 17:00:00,15.1,95,0,119,12,248,"OakPark",258,0,NA,12,0
"643",2017-09-15 18:00:00,15,95,1.4,113,11,250,"OakPark",258,0,NA,12,0
"644",2017-09-15 19:00:00,14.8,94,0,103.5,10,252,"OakPark",258,0,NA,12,0
"645",2017-09-15 20:00:00,14.5,94,0,90.5,9,255,"OakPark",258,0,NA,12,0
"646",2017-09-15 21:00:00,14.1,92,0,73.7,9,258,"OakPark",258,0,NA,12,1
"647",2017-09-15 22:00:00,13.6,91,0,53.1,8,262,"OakPark",258,0,NA,12,2
"648",2017-09-15 23:00:00,12.9,89,0,28.5,8,266,"OakPark",258,0,NA,12,3
